run_name,config_path,model_key,dataset_label,stage_name,strategy,k,checkpoint_eval,estimated_cost,gpu_id,queue_order,manifest_path,suite_name,summary_path,status,has_checkpoint_metrics,has_training_history,cfg_data_source,cfg_data_hf_dataset_id,cfg_data_hf_split,cfg_data_prepared_path,cfg_data_min_responses,cfg_data_train_fraction,cfg_data_validation_fraction,cfg_data_max_train_prompts,cfg_data_max_validation_prompts,cfg_data_max_test_prompts,cfg_data_max_reference_responses_per_prompt,cfg_selection_strategy,cfg_selection_k,cfg_selection_quality_weight_alpha,cfg_selection_embedding_model,cfg_selection_score_source,cfg_selection_reward_model_model_name,cfg_selection_reward_model_batch_size,cfg_selection_reward_model_trust_remote_code,cfg_selection_n,cfg_training_use_lora,cfg_training_max_length,cfg_training_per_device_train_batch_size,cfg_training_per_device_eval_batch_size,cfg_training_gradient_accumulation_steps,cfg_training_num_train_epochs,cfg_training_learning_rate,cfg_training_weight_decay,cfg_training_warmup_ratio,cfg_training_logging_steps,cfg_training_eval_steps,cfg_training_save_steps,cfg_training_save_total_limit,cfg_training_gradient_checkpointing,cfg_training_lora_r,cfg_training_lora_alpha,cfg_training_lora_dropout,cfg_training_optim,cfg_generation_num_return_sequences_single,cfg_generation_num_return_sequences_multi,cfg_generation_multi_k_values,cfg_generation_max_new_tokens,cfg_generation_max_length_for_eval,cfg_generation_temperature,cfg_generation_top_p,cfg_evaluation_eval_batch_size,cfg_evaluation_embedding_model,cfg_evaluation_reward_model_model_name,cfg_evaluation_reward_model_batch_size,cfg_evaluation_reward_model_trust_remote_code,cfg_model_key,cfg_model_trust_remote_code,cfg_run_name,cfg_run_seed,created_at,checkpoint_dir,train_eval_loss,train_eval_runtime,train_eval_samples_per_second,train_eval_steps_per_second,train_epoch,reference_loss,reference_perplexity,single_response_chars_mean,single_response_words_mean,single_reward_mean,single_reward_prompt_mean,single_reward_best_mean,multi_k2_response_chars_mean,multi_k2_response_words_mean,multi_k2_semantic_diversity_mean,multi_k2_reference_coverage_mean,multi_k2_reference_alignment_mean,multi_k2_reward_mean,multi_k2_reward_prompt_mean,multi_k2_reward_best_mean,multi_k4_response_chars_mean,multi_k4_response_words_mean,multi_k4_semantic_diversity_mean,multi_k4_reference_coverage_mean,multi_k4_reference_alignment_mean,multi_k4_reward_mean,multi_k4_reward_prompt_mean,multi_k4_reward_best_mean,multi_k8_response_chars_mean,multi_k8_response_words_mean,multi_k8_semantic_diversity_mean,multi_k8_reference_coverage_mean,multi_k8_reference_alignment_mean,multi_k8_reward_mean,multi_k8_reward_prompt_mean,multi_k8_reward_best_mean,multi_k16_response_chars_mean,multi_k16_response_words_mean,multi_k16_semantic_diversity_mean,multi_k16_reference_coverage_mean,multi_k16_reference_alignment_mean,multi_k16_reward_mean,multi_k16_reward_prompt_mean,multi_k16_reward_best_mean,multi_response_chars_mean,multi_response_words_mean,multi_semantic_diversity_mean,multi_reference_coverage_mean,multi_reference_alignment_mean,multi_reward_mean,multi_reward_prompt_mean,multi_reward_best_mean,count_train_prompts,count_validation_prompts,count_test_prompts,count_train_pairs,count_validation_pairs,count_test_pairs,cfg_training_max_steps,checkpoint_eval_steps,cfg_training_checkpoint_eval_steps
gold_gens_llama31_8b_instruct_bkon_k1_gold_full,configs/experiments/publication_suite/gold_gens_llama31_8b_instruct_bkon_k1_gold_full.yaml,llama31_8b_instruct,gold_gens,gold_full,bkon,1,True,1.3,0,2,configs/experiments/publication_suite/publication_suite_v1_manifest.json,publication_suite_v1,/home/mahmood6/Desktop/projects/mrt/results/runs/gold_gens_llama31_8b_instruct_bkon_k1_gold_full/summary.json,completed,True,True,hf_gold_labelled_gens,tlc4418/gold_labelled_gens,validation,/scratch/gilbreth/mahmood6/data/mrt/gold_labelled_gens/prompt_pools_publication_800_64_100_seed7.jsonl,4,0.8,0.1,800,64,100,32,bkon,1,1.0,sentence-transformers/all-MiniLM-L6-v2,reward_model,Skywork/Skywork-Reward-V2-Llama-3.1-8B,8,True,64,True,1024,1,1,16,1,0.00012,0.01,0.03,5,100,50,8,True,16,32,0.05,adamw_torch,1,16,"[2, 4, 8, 16]",128,1024,0.8,0.95,2,sentence-transformers/all-MiniLM-L6-v2,Skywork/Skywork-Reward-V2-Llama-3.1-8B,8,True,llama31_8b_instruct,True,gold_gens_llama31_8b_instruct_bkon_k1_gold_full,7,2026-03-26T21:35:20+00:00,/scratch/gilbreth/mahmood6/runs/mrt/gold_gens_llama31_8b_instruct_bkon_k1_gold_full/checkpoints,1.8397653102874756,122.0705,16.777,16.777,1.0,1.6021323231374844,4.963605158270887,182.0,30.9,4.7076318359375,4.7076318359375,4.7076318359375,163.82,27.91,0.2724729341268539,0.6911808356642724,0.8133516731858254,4.0169873046875,4.0169873046875,6.990703125,164.2475,27.9725,0.27166575014591215,0.7275867426395416,0.815700811445713,3.95388916015625,3.95388916015625,8.9869482421875,170.07,29.10875,0.26705691039562224,0.7594482722878456,0.8201498484611511,3.9163676261901856,3.9163676261901856,11.08064453125,170.121875,29.136875,0.2591899114847183,0.7764672327041626,0.8212905979156494,4.143649206161499,4.143649206161499,13.035087890625,170.121875,29.136875,0.2591899114847183,0.7764672327041626,0.8212905979156494,4.143649206161499,4.143649206161499,13.035087890625,800,64,100,800,2048,3200,,,
gold_gens_llama31_8b_instruct_bkon_k2_gold_full,configs/experiments/publication_suite/gold_gens_llama31_8b_instruct_bkon_k2_gold_full.yaml,llama31_8b_instruct,gold_gens,gold_full,bkon,2,False,1.08,0,7,configs/experiments/publication_suite/publication_suite_v1_manifest.json,publication_suite_v1,/home/mahmood6/Desktop/projects/mrt/results/runs/gold_gens_llama31_8b_instruct_bkon_k2_gold_full/summary.json,completed,False,True,hf_gold_labelled_gens,tlc4418/gold_labelled_gens,validation,/scratch/gilbreth/mahmood6/data/mrt/gold_labelled_gens/prompt_pools_publication_800_64_100_seed7.jsonl,4,0.8,0.1,800,64,100,32,bkon,2,1.0,sentence-transformers/all-MiniLM-L6-v2,reward_model,Skywork/Skywork-Reward-V2-Llama-3.1-8B,8,True,64,True,1024,1,1,16,1,0.00012,0.01,0.03,5,100,50,8,True,16,32,0.05,adamw_torch,1,16,"[2, 4, 8, 16]",128,1024,0.8,0.95,2,sentence-transformers/all-MiniLM-L6-v2,Skywork/Skywork-Reward-V2-Llama-3.1-8B,8,True,llama31_8b_instruct,True,gold_gens_llama31_8b_instruct_bkon_k2_gold_full,7,2026-03-27T05:30:19+00:00,/scratch/gilbreth/mahmood6/runs/mrt/gold_gens_llama31_8b_instruct_bkon_k2_gold_full/checkpoints,1.7810328006744385,120.279,17.027,17.027,1.0,1.551534441227559,4.718705206120939,186.18,31.63,4.75283203125,4.75283203125,4.75283203125,178.695,30.565,0.2618649333715439,0.69887067258358,0.828873091340065,3.97830810546875,3.97830810546875,7.052333984375,178.05,30.4925,0.26277905583381655,0.7372612696886063,0.8273059564828873,3.7349102783203123,3.7349102783203123,9.12066162109375,179.135,30.59125,0.26091169357299804,0.7568695715069771,0.8263860058784485,3.7706739044189455,3.7706739044189455,10.500419921875,177.205625,30.376875,0.2614315325021744,0.7841411101818084,0.8263639083504677,3.5531135177612305,3.5531135177612305,12.078310546875,177.205625,30.376875,0.2614315325021744,0.7841411101818084,0.8263639083504677,3.5531135177612305,3.5531135177612305,12.078310546875,800,64,100,1600,2048,3200,,,
gold_gens_llama31_8b_instruct_bkon_k4_gold_full,configs/experiments/publication_suite/gold_gens_llama31_8b_instruct_bkon_k4_gold_full.yaml,llama31_8b_instruct,gold_gens,gold_full,bkon,4,False,1.16,1,4,configs/experiments/publication_suite/publication_suite_v1_manifest.json,publication_suite_v1,/home/mahmood6/Desktop/projects/mrt/results/runs/gold_gens_llama31_8b_instruct_bkon_k4_gold_full/summary.json,completed,False,True,hf_gold_labelled_gens,tlc4418/gold_labelled_gens,validation,/scratch/gilbreth/mahmood6/data/mrt/gold_labelled_gens/prompt_pools_publication_800_64_100_seed7.jsonl,4,0.8,0.1,800,64,100,32,bkon,4,1.0,sentence-transformers/all-MiniLM-L6-v2,reward_model,Skywork/Skywork-Reward-V2-Llama-3.1-8B,8,True,64,True,1024,1,1,16,1,0.00012,0.01,0.03,5,100,50,8,True,16,32,0.05,adamw_torch,1,16,"[2, 4, 8, 16]",128,1024,0.8,0.95,2,sentence-transformers/all-MiniLM-L6-v2,Skywork/Skywork-Reward-V2-Llama-3.1-8B,8,True,llama31_8b_instruct,True,gold_gens_llama31_8b_instruct_bkon_k4_gold_full,7,2026-03-27T03:52:13+00:00,/scratch/gilbreth/mahmood6/runs/mrt/gold_gens_llama31_8b_instruct_bkon_k4_gold_full/checkpoints,1.7531671524047852,116.2819,17.612,17.612,1.0,1.5344141933205537,4.638607406682145,180.51,30.77,3.04263671875,3.04263671875,3.04263671875,181.11,31.02,0.251978731751442,0.7105862674117088,0.8402382734417916,3.35863037109375,3.35863037109375,6.78701171875,178.875,30.66,0.2528266477584839,0.7437588182091713,0.8408107915520668,3.4192767333984375,3.4192767333984375,9.06150390625,179.5075,30.735,0.2609095728397369,0.7724761247634888,0.8383304551243782,3.754145202636719,3.754145202636719,10.9281494140625,178.37375,30.5875,0.25684211432933807,0.7923272225260735,0.8377919697761536,3.6747872924804685,3.6747872924804685,12.379013671875,178.37375,30.5875,0.25684211432933807,0.7923272225260735,0.8377919697761536,3.6747872924804685,3.6747872924804685,12.379013671875,800,64,100,3200,2048,3200,,,
gold_gens_llama31_8b_instruct_bkon_k8_gold_full,configs/experiments/publication_suite/gold_gens_llama31_8b_instruct_bkon_k8_gold_full.yaml,llama31_8b_instruct,gold_gens,gold_full,bkon,8,False,1.32,0,9,configs/experiments/publication_suite/publication_suite_v1_manifest.json,publication_suite_v1,/home/mahmood6/Desktop/projects/mrt/results/runs/gold_gens_llama31_8b_instruct_bkon_k8_gold_full/summary.json,completed,False,True,hf_gold_labelled_gens,tlc4418/gold_labelled_gens,validation,/scratch/gilbreth/mahmood6/data/mrt/gold_labelled_gens/prompt_pools_publication_800_64_100_seed7.jsonl,4,0.8,0.1,800,64,100,32,bkon,8,1.0,sentence-transformers/all-MiniLM-L6-v2,reward_model,Skywork/Skywork-Reward-V2-Llama-3.1-8B,8,True,64,True,1024,1,1,16,1,0.00012,0.01,0.03,5,100,50,8,True,16,32,0.05,adamw_torch,1,16,"[2, 4, 8, 16]",128,1024,0.8,0.95,2,sentence-transformers/all-MiniLM-L6-v2,Skywork/Skywork-Reward-V2-Llama-3.1-8B,8,True,llama31_8b_instruct,True,gold_gens_llama31_8b_instruct_bkon_k8_gold_full,7,2026-03-27T07:10:23+00:00,/scratch/gilbreth/mahmood6/runs/mrt/gold_gens_llama31_8b_instruct_bkon_k8_gold_full/checkpoints,1.7233041524887085,119.6925,17.111,17.111,1.0,1.5090660392679274,4.522504979187569,180.89,30.97,4.19646484375,4.19646484375,4.19646484375,183.96,31.31,0.24800911843776702,0.7266766855120659,0.8621400633454323,3.48680419921875,3.48680419921875,6.515830078125,184.3425,31.3925,0.24296383380889894,0.7549966114759445,0.8597205343842507,3.2817010498046875,3.2817010498046875,8.322138671875,182.69625,31.16,0.2381295508146286,0.7796712085604668,0.8562108466029167,3.2235684204101562,3.2235684204101562,10.404462890625,182.43625,31.116875,0.23936274528503418,0.7971233430504799,0.854157187640667,3.341176414489746,3.341176414489746,11.655703125,182.43625,31.116875,0.23936274528503418,0.7971233430504799,0.854157187640667,3.341176414489746,3.341176414489746,11.655703125,800,64,100,6400,2048,3200,,,
gold_gens_llama31_8b_instruct_bkon_k16_gold_full,configs/experiments/publication_suite/gold_gens_llama31_8b_instruct_bkon_k16_gold_full.yaml,llama31_8b_instruct,gold_gens,gold_full,bkon,16,True,2.05,1,2,configs/experiments/publication_suite/publication_suite_v1_manifest.json,publication_suite_v1,/home/mahmood6/Desktop/projects/mrt/results/runs/gold_gens_llama31_8b_instruct_bkon_k16_gold_full/summary.json,completed,True,True,hf_gold_labelled_gens,tlc4418/gold_labelled_gens,validation,/scratch/gilbreth/mahmood6/data/mrt/gold_labelled_gens/prompt_pools_publication_800_64_100_seed7.jsonl,4,0.8,0.1,800,64,100,32,bkon,16,1.0,sentence-transformers/all-MiniLM-L6-v2,reward_model,Skywork/Skywork-Reward-V2-Llama-3.1-8B,8,True,64,True,1024,1,1,16,1,0.00012,0.01,0.03,5,100,50,8,True,16,32,0.05,adamw_torch,1,16,"[2, 4, 8, 16]",128,1024,0.8,0.95,2,sentence-transformers/all-MiniLM-L6-v2,Skywork/Skywork-Reward-V2-Llama-3.1-8B,8,True,llama31_8b_instruct,True,gold_gens_llama31_8b_instruct_bkon_k16_gold_full,7,2026-03-27T01:03:11+00:00,/scratch/gilbreth/mahmood6/runs/mrt/gold_gens_llama31_8b_instruct_bkon_k16_gold_full/checkpoints,1.6956794261932373,117.5787,17.418,17.418,1.0,1.4827756646624766,4.40515596299438,200.03,34.2,2.10998046875,2.10998046875,2.10998046875,194.215,33.08,0.25345874786376954,0.7154027935862541,0.8458549529314041,3.3980224609375,3.3980224609375,6.289775390625,194.575,33.085,0.2421178078651428,0.7478853303194046,0.8501557427644729,2.96739501953125,2.96739501953125,8.163134765625,191.03,32.5175,0.23966756582260132,0.7729743525385857,0.8513381850719451,2.7459228515625,2.7459228515625,9.901982421875,191.14625,32.555,0.24049727320671083,0.7959377139806747,0.8503546106815338,2.8122080993652343,2.8122080993652343,11.1475,191.14625,32.555,0.24049727320671083,0.7959377139806747,0.8503546106815338,2.8122080993652343,2.8122080993652343,11.1475,800,64,100,12800,2048,3200,,,
gold_gens_llama31_8b_instruct_dbkon_k2_gold_full,configs/experiments/publication_suite/gold_gens_llama31_8b_instruct_dbkon_k2_gold_full.yaml,llama31_8b_instruct,gold_gens,gold_full,dbkon,2,False,1.21,1,6,configs/experiments/publication_suite/publication_suite_v1_manifest.json,publication_suite_v1,/home/mahmood6/Desktop/projects/mrt/results/runs/gold_gens_llama31_8b_instruct_dbkon_k2_gold_full/summary.json,completed,False,True,hf_gold_labelled_gens,tlc4418/gold_labelled_gens,validation,/scratch/gilbreth/mahmood6/data/mrt/gold_labelled_gens/prompt_pools_publication_800_64_100_seed7.jsonl,4,0.8,0.1,800,64,100,32,dbkon,2,0.75,sentence-transformers/all-MiniLM-L6-v2,reward_model,Skywork/Skywork-Reward-V2-Llama-3.1-8B,8,True,64,True,1024,1,1,16,1,0.00012,0.01,0.03,5,100,50,8,True,16,32,0.05,adamw_torch,1,16,"[2, 4, 8, 16]",128,1024,0.8,0.95,2,sentence-transformers/all-MiniLM-L6-v2,Skywork/Skywork-Reward-V2-Llama-3.1-8B,8,True,llama31_8b_instruct,True,gold_gens_llama31_8b_instruct_dbkon_k2_gold_full,7,2026-03-27T04:48:47+00:00,/scratch/gilbreth/mahmood6/runs/mrt/gold_gens_llama31_8b_instruct_dbkon_k2_gold_full/checkpoints,1.7530078887939453,118.9097,17.223,17.223,1.0,1.5324091799603776,4.629316254413947,171.31,28.95,2.49119140625,2.49119140625,2.49119140625,169.975,29.23,0.2728582155704498,0.6964440089464188,0.8182493814826012,3.23447265625,3.23447265625,6.943984375,174.9525,30.13,0.2681762135028839,0.7289906743168831,0.816039337515831,2.96200439453125,2.96200439453125,8.8412109375,174.6025,30.05125,0.27331584453582763,0.7576311931014061,0.8228609764575958,2.702639312744141,2.702639312744141,10.3233984375,175.14625,30.02625,0.2746541959047317,0.7812493997812271,0.8198466143012046,3.010545358657837,3.010545358657837,11.641923828125,175.14625,30.02625,0.2746541959047317,0.7812493997812271,0.8198466143012046,3.010545358657837,3.010545358657837,11.641923828125,800,64,100,1600,2048,3200,,,
gold_gens_llama31_8b_instruct_dbkon_k4_gold_full,configs/experiments/publication_suite/gold_gens_llama31_8b_instruct_dbkon_k4_gold_full.yaml,llama31_8b_instruct,gold_gens,gold_full,dbkon,4,False,1.299,0,3,configs/experiments/publication_suite/publication_suite_v1_manifest.json,publication_suite_v1,/home/mahmood6/Desktop/projects/mrt/results/runs/gold_gens_llama31_8b_instruct_dbkon_k4_gold_full/summary.json,completed,False,True,hf_gold_labelled_gens,tlc4418/gold_labelled_gens,validation,/scratch/gilbreth/mahmood6/data/mrt/gold_labelled_gens/prompt_pools_publication_800_64_100_seed7.jsonl,4,0.8,0.1,800,64,100,32,dbkon,4,0.75,sentence-transformers/all-MiniLM-L6-v2,reward_model,Skywork/Skywork-Reward-V2-Llama-3.1-8B,8,True,64,True,1024,1,1,16,1,0.00012,0.01,0.03,5,100,50,8,True,16,32,0.05,adamw_torch,1,16,"[2, 4, 8, 16]",128,1024,0.8,0.95,2,sentence-transformers/all-MiniLM-L6-v2,Skywork/Skywork-Reward-V2-Llama-3.1-8B,8,True,llama31_8b_instruct,True,gold_gens_llama31_8b_instruct_dbkon_k4_gold_full,7,2026-03-26T22:19:32+00:00,/scratch/gilbreth/mahmood6/runs/mrt/gold_gens_llama31_8b_instruct_dbkon_k4_gold_full/checkpoints,1.7141759395599365,116.2788,17.613,17.613,1.0,1.503202860923484,4.496066308990067,178.87,30.79,2.25080078125,2.25080078125,2.25080078125,181.935,30.915,0.26256378591060636,0.7008098930120468,0.8303008425235748,1.924951171875,1.924951171875,5.4346875,181.8575,31.005,0.26649842381477357,0.7372667524218559,0.8308453273773193,2.4562030029296875,2.4562030029296875,8.195087890625,183.30625,31.31625,0.2746775209903717,0.7642502816021443,0.8258861291408539,2.169427795410156,2.169427795410156,9.817215576171876,182.0725,31.139375,0.28103512346744536,0.7879574728012085,0.8237430679798127,2.0548114013671874,2.0548114013671874,11.0175390625,182.0725,31.139375,0.28103512346744536,0.7879574728012085,0.8237430679798127,2.0548114013671874,2.0548114013671874,11.0175390625,800,64,100,3200,2048,3200,,,
gold_gens_llama31_8b_instruct_dbkon_k8_gold_full,configs/experiments/publication_suite/gold_gens_llama31_8b_instruct_dbkon_k8_gold_full.yaml,llama31_8b_instruct,gold_gens,gold_full,dbkon,8,False,1.478,1,8,configs/experiments/publication_suite/publication_suite_v1_manifest.json,publication_suite_v1,/home/mahmood6/Desktop/projects/mrt/results/runs/gold_gens_llama31_8b_instruct_dbkon_k8_gold_full/summary.json,completed,False,True,hf_gold_labelled_gens,tlc4418/gold_labelled_gens,validation,/scratch/gilbreth/mahmood6/data/mrt/gold_labelled_gens/prompt_pools_publication_800_64_100_seed7.jsonl,4,0.8,0.1,800,64,100,32,dbkon,8,0.75,sentence-transformers/all-MiniLM-L6-v2,reward_model,Skywork/Skywork-Reward-V2-Llama-3.1-8B,8,True,64,True,1024,1,1,16,1,0.00012,0.01,0.03,5,100,50,8,True,16,32,0.05,adamw_torch,1,16,"[2, 4, 8, 16]",128,1024,0.8,0.95,2,sentence-transformers/all-MiniLM-L6-v2,Skywork/Skywork-Reward-V2-Llama-3.1-8B,8,True,llama31_8b_instruct,True,gold_gens_llama31_8b_instruct_dbkon_k8_gold_full,7,2026-03-27T06:04:40+00:00,/scratch/gilbreth/mahmood6/runs/mrt/gold_gens_llama31_8b_instruct_dbkon_k8_gold_full/checkpoints,1.678584098815918,121.269,16.888,16.888,1.0,1.4715511222276836,4.355986571156459,189.54,32.4,1.34076171875,1.34076171875,1.34076171875,190.75,32.625,0.2716500908136368,0.7002627010643482,0.82473343282938,1.081767578125,1.081767578125,4.19935546875,191.6025,32.85,0.27849199950695036,0.7385274255275727,0.8259285911917686,1.2288153076171875,1.2288153076171875,7.290751953125,195.41,33.395,0.2861466008424759,0.7653194196522236,0.8238683247566223,0.9062179565429688,0.9062179565429688,8.777490234375,193.240625,33.0875,0.2851553338766098,0.7936050474643708,0.8253972843289376,0.9817021179199219,0.9817021179199219,10.42854248046875,193.240625,33.0875,0.2851553338766098,0.7936050474643708,0.8253972843289376,0.9817021179199219,0.9817021179199219,10.42854248046875,800,64,100,6400,2048,3200,,,
gold_gens_llama31_8b_instruct_dbkon_k16_gold_full,configs/experiments/publication_suite/gold_gens_llama31_8b_instruct_dbkon_k16_gold_full.yaml,llama31_8b_instruct,gold_gens,gold_full,dbkon,16,True,2.296,0,5,configs/experiments/publication_suite/publication_suite_v1_manifest.json,publication_suite_v1,/home/mahmood6/Desktop/projects/mrt/results/runs/gold_gens_llama31_8b_instruct_dbkon_k16_gold_full/summary.json,completed,True,True,hf_gold_labelled_gens,tlc4418/gold_labelled_gens,validation,/scratch/gilbreth/mahmood6/data/mrt/gold_labelled_gens/prompt_pools_publication_800_64_100_seed7.jsonl,4,0.8,0.1,800,64,100,32,dbkon,16,0.75,sentence-transformers/all-MiniLM-L6-v2,reward_model,Skywork/Skywork-Reward-V2-Llama-3.1-8B,8,True,64,True,1024,1,1,16,1,0.00012,0.01,0.03,5,100,50,8,True,16,32,0.05,adamw_torch,1,16,"[2, 4, 8, 16]",128,1024,0.8,0.95,2,sentence-transformers/all-MiniLM-L6-v2,Skywork/Skywork-Reward-V2-Llama-3.1-8B,8,True,llama31_8b_instruct,True,gold_gens_llama31_8b_instruct_dbkon_k16_gold_full,7,2026-03-27T02:58:55+00:00,/scratch/gilbreth/mahmood6/runs/mrt/gold_gens_llama31_8b_instruct_dbkon_k16_gold_full/checkpoints,1.6489603519439697,122.7889,16.679,16.679,1.0,1.448745334856212,4.257769088044428,189.41,32.39,-2.096806640625,-2.096806640625,-2.096806640625,195.495,33.445,0.2793430399894714,0.7239367389678955,0.8362791401147842,-0.5869361877441406,-0.5869361877441406,2.9297579956054687,193.8875,33.135,0.2861672443151474,0.7510990244150162,0.8307861828804016,-0.5597510528564453,-0.5597510528564453,5.076515808105468,191.82625,32.9175,0.28482782542705537,0.7843924388289452,0.8309202906489372,-0.4723785781860352,-0.4723785781860352,7.58966796875,191.559375,32.8925,0.2855051112174988,0.8068276074528694,0.8360630518198013,-0.3425014686584473,-0.3425014686584473,9.283662109375,191.559375,32.8925,0.2855051112174988,0.8068276074528694,0.8360630518198013,-0.3425014686584473,-0.3425014686584473,9.283662109375,800,64,100,12800,2048,3200,,,
gold_gens_llama31_8b_instruct_dkon_k2_gold_full,configs/experiments/publication_suite/gold_gens_llama31_8b_instruct_dkon_k2_gold_full.yaml,llama31_8b_instruct,gold_gens,gold_full,dkon,2,False,1.166,0,6,configs/experiments/publication_suite/publication_suite_v1_manifest.json,publication_suite_v1,/home/mahmood6/Desktop/projects/mrt/results/runs/gold_gens_llama31_8b_instruct_dkon_k2_gold_full/summary.json,completed,False,True,hf_gold_labelled_gens,tlc4418/gold_labelled_gens,validation,/scratch/gilbreth/mahmood6/data/mrt/gold_labelled_gens/prompt_pools_publication_800_64_100_seed7.jsonl,4,0.8,0.1,800,64,100,32,dkon,2,0.0,sentence-transformers/all-MiniLM-L6-v2,reward_model,Skywork/Skywork-Reward-V2-Llama-3.1-8B,8,True,64,True,1024,1,1,16,1,0.00012,0.01,0.03,5,100,50,8,True,16,32,0.05,adamw_torch,1,16,"[2, 4, 8, 16]",128,1024,0.8,0.95,2,sentence-transformers/all-MiniLM-L6-v2,Skywork/Skywork-Reward-V2-Llama-3.1-8B,8,True,llama31_8b_instruct,True,gold_gens_llama31_8b_instruct_dkon_k2_gold_full,7,2026-03-27T05:06:59+00:00,/scratch/gilbreth/mahmood6/runs/mrt/gold_gens_llama31_8b_instruct_dkon_k2_gold_full/checkpoints,1.7195565700531006,122.5066,16.717,16.717,1.0,1.509763965047896,4.525662453715849,175.92,30.68,-1.7380029296875,-1.7380029296875,-1.7380029296875,189.34,33.175,0.2895123994350433,0.7050279910862446,0.8247648194432259,-0.6790217208862305,-0.6790217208862305,2.6405078125,184.6275,31.9275,0.28427427768707275,0.7424292531609535,0.8285864320397377,-1.2340311431884765,-1.2340311431884765,5.0938671875,180.95875,31.16375,0.2732354360818863,0.7724004565179348,0.8303103286027909,-1.1954326248168945,-1.1954326248168945,6.8530078125,180.095,30.9525,0.27234125018119815,0.7921679174900055,0.8305987733602523,-1.1104731941223145,-1.1104731941223145,8.412109375,180.095,30.9525,0.27234125018119815,0.7921679174900055,0.8305987733602523,-1.1104731941223145,-1.1104731941223145,8.412109375,800,64,100,1600,2048,3200,,,
gold_gens_llama31_8b_instruct_dkon_k4_gold_full,configs/experiments/publication_suite/gold_gens_llama31_8b_instruct_dkon_k4_gold_full.yaml,llama31_8b_instruct,gold_gens,gold_full,dkon,4,False,1.253,1,5,configs/experiments/publication_suite/publication_suite_v1_manifest.json,publication_suite_v1,/home/mahmood6/Desktop/projects/mrt/results/runs/gold_gens_llama31_8b_instruct_dkon_k4_gold_full/summary.json,completed,False,True,hf_gold_labelled_gens,tlc4418/gold_labelled_gens,validation,/scratch/gilbreth/mahmood6/data/mrt/gold_labelled_gens/prompt_pools_publication_800_64_100_seed7.jsonl,4,0.8,0.1,800,64,100,32,dkon,4,0.0,sentence-transformers/all-MiniLM-L6-v2,reward_model,Skywork/Skywork-Reward-V2-Llama-3.1-8B,8,True,64,True,1024,1,1,16,1,0.00012,0.01,0.03,5,100,50,8,True,16,32,0.05,adamw_torch,1,16,"[2, 4, 8, 16]",128,1024,0.8,0.95,2,sentence-transformers/all-MiniLM-L6-v2,Skywork/Skywork-Reward-V2-Llama-3.1-8B,8,True,llama31_8b_instruct,True,gold_gens_llama31_8b_instruct_dkon_k4_gold_full,7,2026-03-27T04:24:36+00:00,/scratch/gilbreth/mahmood6/runs/mrt/gold_gens_llama31_8b_instruct_dkon_k4_gold_full/checkpoints,1.6882576942443848,116.1014,17.64,17.64,1.0,1.4871187979308889,4.424329749425395,178.15,30.57,-0.25025390625,-0.25025390625,-0.25025390625,197.895,34.165,0.2978158903121948,0.7042684471607208,0.8221731072664261,-1.37369140625,-1.37369140625,2.9219140625,189.185,32.68,0.28596619188785555,0.7387873163819313,0.8225153294205666,-1.11589599609375,-1.11589599609375,5.7615234375,187.9425,32.5125,0.2958103758096695,0.7675154033303261,0.8216251394152642,-1.2385720825195312,-1.2385720825195312,7.70501953125,183.865625,31.703125,0.29343740522861483,0.7879595011472702,0.8224729797244072,-1.1031772518157958,-1.1031772518157958,9.19,183.865625,31.703125,0.29343740522861483,0.7879595011472702,0.8224729797244072,-1.1031772518157958,-1.1031772518157958,9.19,800,64,100,3200,2048,3200,,,
gold_gens_llama31_8b_instruct_dkon_k8_gold_full,configs/experiments/publication_suite/gold_gens_llama31_8b_instruct_dkon_k8_gold_full.yaml,llama31_8b_instruct,gold_gens,gold_full,dkon,8,False,1.426,0,8,configs/experiments/publication_suite/publication_suite_v1_manifest.json,publication_suite_v1,/home/mahmood6/Desktop/projects/mrt/results/runs/gold_gens_llama31_8b_instruct_dkon_k8_gold_full/summary.json,completed,False,True,hf_gold_labelled_gens,tlc4418/gold_labelled_gens,validation,/scratch/gilbreth/mahmood6/data/mrt/gold_labelled_gens/prompt_pools_publication_800_64_100_seed7.jsonl,4,0.8,0.1,800,64,100,32,dkon,8,0.0,sentence-transformers/all-MiniLM-L6-v2,reward_model,Skywork/Skywork-Reward-V2-Llama-3.1-8B,8,True,64,True,1024,1,1,16,1,0.00012,0.01,0.03,5,100,50,8,True,16,32,0.05,adamw_torch,1,16,"[2, 4, 8, 16]",128,1024,0.8,0.95,2,sentence-transformers/all-MiniLM-L6-v2,Skywork/Skywork-Reward-V2-Llama-3.1-8B,8,True,llama31_8b_instruct,True,gold_gens_llama31_8b_instruct_dkon_k8_gold_full,7,2026-03-27T06:20:50+00:00,/scratch/gilbreth/mahmood6/runs/mrt/gold_gens_llama31_8b_instruct_dkon_k8_gold_full/checkpoints,1.6608994007110596,119.7553,17.102,17.102,1.0,1.4651780474931002,4.3283138171235915,177.36,30.93,-1.714609375,-1.714609375,-1.714609375,188.865,32.5,0.3282323354482651,0.7009394988417625,0.8068230360746383,-2.52201904296875,-2.52201904296875,1.02927734375,190.17,32.55,0.33363866090774535,0.7404058450460433,0.8071162089705467,-2.5547747802734375,-2.5547747802734375,4.2614453125,193.42625,33.24875,0.32844778895378113,0.7797221356630325,0.8128352302312851,-2.3325103759765624,-2.3325103759765624,6.63414794921875,191.835625,32.94625,0.32757386803627014,0.8015925136208534,0.8110386341810226,-2.283791172504425,-2.283791172504425,8.32595703125,191.835625,32.94625,0.32757386803627014,0.8015925136208534,0.8110386341810226,-2.283791172504425,-2.283791172504425,8.32595703125,800,64,100,6400,2048,3200,,,
gold_gens_llama31_8b_instruct_dkon_k16_gold_full,configs/experiments/publication_suite/gold_gens_llama31_8b_instruct_dkon_k16_gold_full.yaml,llama31_8b_instruct,gold_gens,gold_full,dkon,16,True,2.214,0,4,configs/experiments/publication_suite/publication_suite_v1_manifest.json,publication_suite_v1,/home/mahmood6/Desktop/projects/mrt/results/runs/gold_gens_llama31_8b_instruct_dkon_k16_gold_full/summary.json,completed,True,True,hf_gold_labelled_gens,tlc4418/gold_labelled_gens,validation,/scratch/gilbreth/mahmood6/data/mrt/gold_labelled_gens/prompt_pools_publication_800_64_100_seed7.jsonl,4,0.8,0.1,800,64,100,32,dkon,16,0.0,sentence-transformers/all-MiniLM-L6-v2,reward_model,Skywork/Skywork-Reward-V2-Llama-3.1-8B,8,True,64,True,1024,1,1,16,1,0.00012,0.01,0.03,5,100,50,8,True,16,32,0.05,adamw_torch,1,16,"[2, 4, 8, 16]",128,1024,0.8,0.95,2,sentence-transformers/all-MiniLM-L6-v2,Skywork/Skywork-Reward-V2-Llama-3.1-8B,8,True,llama31_8b_instruct,True,gold_gens_llama31_8b_instruct_dkon_k16_gold_full,7,2026-03-26T23:47:06+00:00,/scratch/gilbreth/mahmood6/runs/mrt/gold_gens_llama31_8b_instruct_dkon_k16_gold_full/checkpoints,1.6418020725250244,121.3715,16.874,16.874,1.0,1.4461995170544832,4.246943369704627,202.18,34.34,-1.90369140625,-1.90369140625,-1.90369140625,202.875,35.09,0.31475379586219787,0.6970645827054978,0.815555554330349,-3.2245779418945313,-3.2245779418945313,0.2064691162109375,195.1425,33.67,0.33989522576332093,0.7439768102765083,0.8073325645923615,-3.2542396545410157,-3.2542396545410157,3.426220703125,197.1625,34.04875,0.3369263827800751,0.7777292808890343,0.8084682369232178,-3.0230567169189455,-3.0230567169189455,5.734619140625,193.76,33.448125,0.3331768012046814,0.805357523560524,0.8123240581154824,-2.7822781372070313,-2.7822781372070313,8.4264306640625,193.76,33.448125,0.3331768012046814,0.805357523560524,0.8123240581154824,-2.7822781372070313,-2.7822781372070313,8.4264306640625,800,64,100,12800,2048,3200,,,
gold_gens_llama31_8b_instruct_rkon_k1_gold_full,configs/experiments/publication_suite/gold_gens_llama31_8b_instruct_rkon_k1_gold_full.yaml,llama31_8b_instruct,gold_gens,gold_full,rkon,1,True,1.3,0,1,configs/experiments/publication_suite/publication_suite_v1_manifest.json,publication_suite_v1,/home/mahmood6/Desktop/projects/mrt/results/runs/gold_gens_llama31_8b_instruct_rkon_k1_gold_full/summary.json,completed,True,True,hf_gold_labelled_gens,tlc4418/gold_labelled_gens,validation,/scratch/gilbreth/mahmood6/data/mrt/gold_labelled_gens/prompt_pools_publication_800_64_100_seed7.jsonl,4,0.8,0.1,800,64,100,32,rkon,1,1.0,sentence-transformers/all-MiniLM-L6-v2,reward_model,Skywork/Skywork-Reward-V2-Llama-3.1-8B,8,True,64,True,1024,1,1,16,1,0.00012,0.01,0.03,5,100,50,8,True,16,32,0.05,adamw_torch,1,16,"[2, 4, 8, 16]",128,1024,0.8,0.95,2,sentence-transformers/all-MiniLM-L6-v2,Skywork/Skywork-Reward-V2-Llama-3.1-8B,8,True,llama31_8b_instruct,True,gold_gens_llama31_8b_instruct_rkon_k1_gold_full,7,2026-03-26T20:52:17+00:00,/scratch/gilbreth/mahmood6/runs/mrt/gold_gens_llama31_8b_instruct_rkon_k1_gold_full/checkpoints,1.7877967357635498,120.2969,17.025,17.025,1.0,1.556356028560549,4.7415117931631,197.78,34.03,-0.7938525390625,-0.7938525390625,-0.7938525390625,181.215,31.27,0.26034170925617217,0.6927569606900215,0.8253029519319535,0.5047021484375,0.5047021484375,3.84306640625,183.7325,31.8,0.2916501784324646,0.7263552977144718,0.8131741407513619,-0.7360726547241211,-0.7360726547241211,6.255146484375,180.94375,31.2025,0.2874815595149994,0.7558667826652526,0.816597009897232,-0.3460246086120605,-0.3460246086120605,9.1457421875,183.1,31.72625,0.3013297933340073,0.7855598470568657,0.8141577991843224,-0.4279086971282959,-0.4279086971282959,10.630234375,183.1,31.72625,0.3013297933340073,0.7855598470568657,0.8141577991843224,-0.4279086971282959,-0.4279086971282959,10.630234375,800,64,100,800,2048,3200,,,
gold_gens_llama31_8b_instruct_rkon_k2_gold_full,configs/experiments/publication_suite/gold_gens_llama31_8b_instruct_rkon_k2_gold_full.yaml,llama31_8b_instruct,gold_gens,gold_full,rkon,2,False,1.08,1,7,configs/experiments/publication_suite/publication_suite_v1_manifest.json,publication_suite_v1,/home/mahmood6/Desktop/projects/mrt/results/runs/gold_gens_llama31_8b_instruct_rkon_k2_gold_full/summary.json,completed,False,True,hf_gold_labelled_gens,tlc4418/gold_labelled_gens,validation,/scratch/gilbreth/mahmood6/data/mrt/gold_labelled_gens/prompt_pools_publication_800_64_100_seed7.jsonl,4,0.8,0.1,800,64,100,32,rkon,2,1.0,sentence-transformers/all-MiniLM-L6-v2,reward_model,Skywork/Skywork-Reward-V2-Llama-3.1-8B,8,True,64,True,1024,1,1,16,1,0.00012,0.01,0.03,5,100,50,8,True,16,32,0.05,adamw_torch,1,16,"[2, 4, 8, 16]",128,1024,0.8,0.95,2,sentence-transformers/all-MiniLM-L6-v2,Skywork/Skywork-Reward-V2-Llama-3.1-8B,8,True,llama31_8b_instruct,True,gold_gens_llama31_8b_instruct_rkon_k2_gold_full,7,2026-03-27T05:12:53+00:00,/scratch/gilbreth/mahmood6/runs/mrt/gold_gens_llama31_8b_instruct_rkon_k2_gold_full/checkpoints,1.7275811433792114,116.2242,17.621,17.621,1.0,1.5149912612047047,4.549381370559417,198.43,34.59,-1.963955078125,-1.963955078125,-1.963955078125,187.905,32.335,0.31897124767303464,0.7004815837740899,0.8151006093621254,-1.896285400390625,-1.896285400390625,2.01954833984375,190.175,32.905,0.31308387100696566,0.7394198235869408,0.8143746355175971,-1.7624111938476563,-1.7624111938476563,4.87718505859375,193.985,33.47,0.31341106474399566,0.7637586840987205,0.8113136875629425,-1.8201454162597657,-1.8201454162597657,7.10128662109375,189.77375,32.683125,0.3079048258066177,0.7814913854002953,0.8128481528162956,-1.8703905487060546,-1.8703905487060546,8.50614501953125,189.77375,32.683125,0.3079048258066177,0.7814913854002953,0.8128481528162956,-1.8703905487060546,-1.8703905487060546,8.50614501953125,800,64,100,1600,2048,3200,,,
gold_gens_llama31_8b_instruct_rkon_k4_gold_full,configs/experiments/publication_suite/gold_gens_llama31_8b_instruct_rkon_k4_gold_full.yaml,llama31_8b_instruct,gold_gens,gold_full,rkon,4,False,1.16,1,3,configs/experiments/publication_suite/publication_suite_v1_manifest.json,publication_suite_v1,/home/mahmood6/Desktop/projects/mrt/results/runs/gold_gens_llama31_8b_instruct_rkon_k4_gold_full/summary.json,completed,False,True,hf_gold_labelled_gens,tlc4418/gold_labelled_gens,validation,/scratch/gilbreth/mahmood6/data/mrt/gold_labelled_gens/prompt_pools_publication_800_64_100_seed7.jsonl,4,0.8,0.1,800,64,100,32,rkon,4,1.0,sentence-transformers/all-MiniLM-L6-v2,reward_model,Skywork/Skywork-Reward-V2-Llama-3.1-8B,8,True,64,True,1024,1,1,16,1,0.00012,0.01,0.03,5,100,50,8,True,16,32,0.05,adamw_torch,1,16,"[2, 4, 8, 16]",128,1024,0.8,0.95,2,sentence-transformers/all-MiniLM-L6-v2,Skywork/Skywork-Reward-V2-Llama-3.1-8B,8,True,llama31_8b_instruct,True,gold_gens_llama31_8b_instruct_rkon_k4_gold_full,7,2026-03-27T03:21:03+00:00,/scratch/gilbreth/mahmood6/runs/mrt/gold_gens_llama31_8b_instruct_rkon_k4_gold_full/checkpoints,1.6963396072387695,115.87,17.675,17.675,1.0,1.4879481157520786,4.42800044681041,189.53,32.95,-1.33094970703125,-1.33094970703125,-1.33094970703125,190.35,33.18,0.30883400022983554,0.7039688155055046,0.8241218933463097,-1.3685107421875,-1.3685107421875,2.31248046875,188.89,32.7575,0.30677510499954225,0.7446686178445816,0.8202793219685555,-1.6837158203125,-1.6837158203125,5.23697265625,194.79875,33.70125,0.3067143487930298,0.7739050737023354,0.8180688640475273,-1.8812615966796875,-1.8812615966796875,7.202373046875,193.149375,33.331875,0.303659593462944,0.7977535623311997,0.8206413859128951,-1.9838375091552733,-1.9838375091552733,9.183623046875,193.149375,33.331875,0.303659593462944,0.7977535623311997,0.8206413859128951,-1.9838375091552733,-1.9838375091552733,9.183623046875,800,64,100,3200,2048,3200,,,
gold_gens_llama31_8b_instruct_rkon_k8_gold_full,configs/experiments/publication_suite/gold_gens_llama31_8b_instruct_rkon_k8_gold_full.yaml,llama31_8b_instruct,gold_gens,gold_full,rkon,8,False,1.32,1,9,configs/experiments/publication_suite/publication_suite_v1_manifest.json,publication_suite_v1,/home/mahmood6/Desktop/projects/mrt/results/runs/gold_gens_llama31_8b_instruct_rkon_k8_gold_full/summary.json,completed,False,True,hf_gold_labelled_gens,tlc4418/gold_labelled_gens,validation,/scratch/gilbreth/mahmood6/data/mrt/gold_labelled_gens/prompt_pools_publication_800_64_100_seed7.jsonl,4,0.8,0.1,800,64,100,32,rkon,8,1.0,sentence-transformers/all-MiniLM-L6-v2,reward_model,Skywork/Skywork-Reward-V2-Llama-3.1-8B,8,True,64,True,1024,1,1,16,1,0.00012,0.01,0.03,5,100,50,8,True,16,32,0.05,adamw_torch,1,16,"[2, 4, 8, 16]",128,1024,0.8,0.95,2,sentence-transformers/all-MiniLM-L6-v2,Skywork/Skywork-Reward-V2-Llama-3.1-8B,8,True,llama31_8b_instruct,True,gold_gens_llama31_8b_instruct_rkon_k8_gold_full,7,2026-03-27T06:54:17+00:00,/scratch/gilbreth/mahmood6/runs/mrt/gold_gens_llama31_8b_instruct_rkon_k8_gold_full/checkpoints,1.6732804775238037,118.0015,17.356,17.356,1.0,1.461856501349248,4.313960973067701,208.4,35.54,-0.73099609375,-0.73099609375,-0.73099609375,190.57,32.59,0.2902899032831192,0.7065084984898568,0.829838248193264,-1.748916015625,-1.748916015625,2.3506640625,191.87,32.8175,0.29377293825149536,0.7567071142792702,0.8318969479203224,-1.9543562316894532,-1.9543562316894532,4.394609375,195.47,33.4,0.2948660171031952,0.7837748193740844,0.8300147330760956,-1.7918460845947266,-1.7918460845947266,7.01544921875,194.716875,33.383125,0.2963141828775406,0.8027603578567505,0.8292694061994552,-1.9624222946166991,-1.9624222946166991,8.42439453125,194.716875,33.383125,0.2963141828775406,0.8027603578567505,0.8292694061994552,-1.9624222946166991,-1.9624222946166991,8.42439453125,800,64,100,6400,2048,3200,,,
gold_gens_llama31_8b_instruct_rkon_k16_gold_full,configs/experiments/publication_suite/gold_gens_llama31_8b_instruct_rkon_k16_gold_full.yaml,llama31_8b_instruct,gold_gens,gold_full,rkon,16,True,2.05,1,1,configs/experiments/publication_suite/publication_suite_v1_manifest.json,publication_suite_v1,/home/mahmood6/Desktop/projects/mrt/results/runs/gold_gens_llama31_8b_instruct_rkon_k16_gold_full/summary.json,completed,True,True,hf_gold_labelled_gens,tlc4418/gold_labelled_gens,validation,/scratch/gilbreth/mahmood6/data/mrt/gold_labelled_gens/prompt_pools_publication_800_64_100_seed7.jsonl,4,0.8,0.1,800,64,100,32,rkon,16,1.0,sentence-transformers/all-MiniLM-L6-v2,reward_model,Skywork/Skywork-Reward-V2-Llama-3.1-8B,8,True,64,True,1024,1,1,16,1,0.00012,0.01,0.03,5,100,50,8,True,16,32,0.05,adamw_torch,1,16,"[2, 4, 8, 16]",128,1024,0.8,0.95,2,sentence-transformers/all-MiniLM-L6-v2,Skywork/Skywork-Reward-V2-Llama-3.1-8B,8,True,llama31_8b_instruct,True,gold_gens_llama31_8b_instruct_rkon_k16_gold_full,7,2026-03-26T21:54:57+00:00,/scratch/gilbreth/mahmood6/runs/mrt/gold_gens_llama31_8b_instruct_rkon_k16_gold_full/checkpoints,1.6420397758483887,115.87,17.675,17.675,1.0,1.4414142263540999,4.226669059016172,195.51,34.14,-2.565625,-2.565625,-2.565625,201.46,34.8,0.2864703494310379,0.7114420346915722,0.8394372415542602,-1.6285615539550782,-1.6285615539550782,1.7298641967773438,203.6875,35.2825,0.28783080279827117,0.7555621296167374,0.8396147003769875,-1.6077215576171875,-1.6077215576171875,4.654531555175781,201.81125,34.8375,0.28814644515514376,0.7820984306931495,0.8374189960956574,-1.9782081985473632,-1.9782081985473632,6.6688671875,196.350625,33.840625,0.28706298232078553,0.8028214257955552,0.8353153958916664,-1.9492707443237305,-1.9492707443237305,8.29583984375,196.350625,33.840625,0.28706298232078553,0.8028214257955552,0.8353153958916664,-1.9492707443237305,-1.9492707443237305,8.29583984375,800,64,100,12800,2048,3200,,,
nectar_llama31_8b_instruct_bkon_k1_nectar_full,configs/experiments/publication_suite/nectar_llama31_8b_instruct_bkon_k1_nectar_full.yaml,llama31_8b_instruct,nectar,nectar_full,bkon,1,True,1.235,0,20,configs/experiments/publication_suite/publication_suite_v1_manifest.json,publication_suite_v1,/home/mahmood6/Desktop/projects/mrt/results/runs/nectar_llama31_8b_instruct_bkon_k1_nectar_full/summary.json,completed,True,True,hf_nectar,berkeley-nest/Nectar,train,/scratch/gilbreth/mahmood6/data/mrt/nectar/prompt_pools_publication_1200_128_256_seed7.jsonl,4,0.8,0.1,1200,128,256,7,bkon,1,1.0,sentence-transformers/all-MiniLM-L6-v2,reward_model,Skywork/Skywork-Reward-V2-Llama-3.1-8B,8,True,7,True,1024,1,1,16,1,0.00012,0.01,0.03,5,100,50,8,True,16,32,0.05,adamw_torch,1,16,"[2, 4, 8, 16]",128,1024,0.8,0.95,2,sentence-transformers/all-MiniLM-L6-v2,Skywork/Skywork-Reward-V2-Llama-3.1-8B,8,True,llama31_8b_instruct,True,nectar_llama31_8b_instruct_bkon_k1_nectar_full,7,2026-03-29T06:47:41+00:00,/scratch/gilbreth/mahmood6/runs/mrt/nectar_llama31_8b_instruct_bkon_k1_nectar_full/checkpoints,0.9768108129501343,95.964,9.264,9.264,1.0,0.9506979803601856,2.5875150638703555,438.3203125,72.65625,5.702312469482422,5.702312469482422,5.702312469482422,436.443359375,72.341796875,0.2608250689227134,0.7080203220830299,0.8124423143453896,5.995176792144775,5.995176792144775,8.643533706665039,438.3017578125,72.421875,0.25803499296307564,0.7455083052627742,0.8117475722683594,5.948634743690491,5.948634743690491,10.481611251831055,439.2373046875,72.6962890625,0.2582580766174942,0.7792593238409609,0.8132816881407052,5.886511094868183,5.886511094868183,12.203998565673828,437.689208984375,72.475341796875,0.2610654158052057,0.804538487107493,0.8131339395185933,5.723605055361986,5.723605055361986,13.453506469726562,437.689208984375,72.475341796875,0.2610654158052057,0.804538487107493,0.8131339395185933,5.723605055361986,5.723605055361986,13.453506469726562,1200,128,256,1200,895,1791,,,
nectar_llama31_8b_instruct_bkon_k2_nectar_full,configs/experiments/publication_suite/nectar_llama31_8b_instruct_bkon_k2_nectar_full.yaml,llama31_8b_instruct,nectar,nectar_full,bkon,2,False,1.026,1,23,configs/experiments/publication_suite/publication_suite_v1_manifest.json,publication_suite_v1,/home/mahmood6/Desktop/projects/mrt/results/runs/nectar_llama31_8b_instruct_bkon_k2_nectar_full/summary.json,completed,False,True,hf_nectar,berkeley-nest/Nectar,train,/scratch/gilbreth/mahmood6/data/mrt/nectar/prompt_pools_publication_1200_128_256_seed7.jsonl,4,0.8,0.1,1200,128,256,7,bkon,2,1.0,sentence-transformers/all-MiniLM-L6-v2,reward_model,Skywork/Skywork-Reward-V2-Llama-3.1-8B,8,True,7,True,1024,1,1,16,1,0.00012,0.01,0.03,5,100,50,8,True,16,32,0.05,adamw_torch,1,16,"[2, 4, 8, 16]",128,1024,0.8,0.95,2,sentence-transformers/all-MiniLM-L6-v2,Skywork/Skywork-Reward-V2-Llama-3.1-8B,8,True,llama31_8b_instruct,True,nectar_llama31_8b_instruct_bkon_k2_nectar_full,7,2026-03-29T10:04:34+00:00,/scratch/gilbreth/mahmood6/runs/mrt/nectar_llama31_8b_instruct_bkon_k2_nectar_full/checkpoints,0.9646381735801697,59.3404,14.981,14.981,1.0,0.9349900790153928,2.5471881869988575,417.98046875,69.73046875,4.786990165710449,4.786990165710449,4.786990165710449,422.94140625,70.099609375,0.27807522658258677,0.7182953704614192,0.8188498037634417,5.537974119186401,5.537974119186401,8.359533309936523,421.67578125,69.94140625,0.2740317767020315,0.758162205806002,0.8196058977628127,5.62369966506958,5.62369966506958,10.362922668457031,421.41943359375,69.9892578125,0.2718535696621984,0.7880184628302231,0.8179025320569053,5.482654631137848,5.482654631137848,12.027488708496094,422.759521484375,70.242431640625,0.2705118090379983,0.8081029950408265,0.8179453219054267,5.471366561949253,5.471366561949253,13.450736999511719,422.759521484375,70.242431640625,0.2705118090379983,0.8081029950408265,0.8179453219054267,5.471366561949253,5.471366561949253,13.450736999511719,1200,128,256,2400,895,1791,,,
nectar_llama31_8b_instruct_bkon_k4_nectar_full,configs/experiments/publication_suite/nectar_llama31_8b_instruct_bkon_k4_nectar_full.yaml,llama31_8b_instruct,nectar,nectar_full,bkon,4,True,1.377,1,20,configs/experiments/publication_suite/publication_suite_v1_manifest.json,publication_suite_v1,/home/mahmood6/Desktop/projects/mrt/results/runs/nectar_llama31_8b_instruct_bkon_k4_nectar_full/summary.json,completed,True,True,hf_nectar,berkeley-nest/Nectar,train,/scratch/gilbreth/mahmood6/data/mrt/nectar/prompt_pools_publication_1200_128_256_seed7.jsonl,4,0.8,0.1,1200,128,256,7,bkon,4,1.0,sentence-transformers/all-MiniLM-L6-v2,reward_model,Skywork/Skywork-Reward-V2-Llama-3.1-8B,8,True,7,True,1024,1,1,16,1,0.00012,0.01,0.03,5,100,50,8,True,16,32,0.05,adamw_torch,1,16,"[2, 4, 8, 16]",128,1024,0.8,0.95,2,sentence-transformers/all-MiniLM-L6-v2,Skywork/Skywork-Reward-V2-Llama-3.1-8B,8,True,llama31_8b_instruct,True,nectar_llama31_8b_instruct_bkon_k4_nectar_full,7,2026-03-27T21:38:01+00:00,/scratch/gilbreth/mahmood6/runs/mrt/nectar_llama31_8b_instruct_bkon_k4_nectar_full/checkpoints,0.9228634834289551,58.5469,15.184,15.184,1.0,0.8935461419773852,2.4437802959084545,388.1484375,64.5859375,4.800544738769531,4.800544738769531,4.800544738769531,386.837890625,64.61328125,0.26235627895221114,0.7248679717304185,0.8328386475332081,4.217318058013916,4.217318058013916,6.932611465454102,388.68359375,64.90234375,0.2629790445789695,0.7656981848413125,0.8319651887286454,4.263930559158325,4.263930559158325,9.20166301727295,391.12646484375,65.3115234375,0.2624541837722063,0.7910518139833584,0.8311524294549599,4.644173637032509,4.644173637032509,10.991856575012207,392.06884765625,65.48193359375,0.2690141962375492,0.813754215138033,0.8275973803829402,4.566412741318345,4.566412741318345,12.594947814941406,392.06884765625,65.48193359375,0.2690141962375492,0.813754215138033,0.8275973803829402,4.566412741318345,4.566412741318345,12.594947814941406,1200,128,256,4800,895,1791,,,
nectar_llama31_8b_instruct_dbkon_k2_nectar_full,configs/experiments/publication_suite/nectar_llama31_8b_instruct_dbkon_k2_nectar_full.yaml,llama31_8b_instruct,nectar,nectar_full,dbkon,2,False,1.149,0,22,configs/experiments/publication_suite/publication_suite_v1_manifest.json,publication_suite_v1,/home/mahmood6/Desktop/projects/mrt/results/runs/nectar_llama31_8b_instruct_dbkon_k2_nectar_full/summary.json,completed,False,True,hf_nectar,berkeley-nest/Nectar,train,/scratch/gilbreth/mahmood6/data/mrt/nectar/prompt_pools_publication_1200_128_256_seed7.jsonl,4,0.8,0.1,1200,128,256,7,dbkon,2,0.75,sentence-transformers/all-MiniLM-L6-v2,reward_model,Skywork/Skywork-Reward-V2-Llama-3.1-8B,8,True,7,True,1024,1,1,16,1,0.00012,0.01,0.03,5,100,50,8,True,16,32,0.05,adamw_torch,1,16,"[2, 4, 8, 16]",128,1024,0.8,0.95,2,sentence-transformers/all-MiniLM-L6-v2,Skywork/Skywork-Reward-V2-Llama-3.1-8B,8,True,llama31_8b_instruct,True,nectar_llama31_8b_instruct_dbkon_k2_nectar_full,7,2026-03-28T03:50:43+00:00,/scratch/gilbreth/mahmood6/runs/mrt/nectar_llama31_8b_instruct_dbkon_k2_nectar_full/checkpoints,0.949773371219635,59.024,15.062,15.062,1.0,0.9241267900172248,2.5196671009949885,428.50390625,71.23828125,5.370325088500977,5.370325088500977,5.370325088500977,431.298828125,71.869140625,0.2652592940721661,0.7227705475524999,0.8185984652955085,5.405893877148628,5.405893877148628,8.463851124048233,427.095703125,71.099609375,0.273025406524539,0.7603760759811848,0.8158941990695894,5.3211777582764626,5.3211777582764626,10.389406204223633,429.611328125,71.39697265625,0.2687611002475023,0.7912035079207271,0.8208310261834413,5.285805765539408,5.285805765539408,11.876958847045898,428.79296875,71.26611328125,0.27363733877427876,0.8115572509123012,0.8195987970102578,5.172810548916459,5.172810548916459,13.263439178466797,428.79296875,71.26611328125,0.27363733877427876,0.8115572509123012,0.8195987970102578,5.172810548916459,5.172810548916459,13.263439178466797,1200,128,256,2400,895,1791,,,
nectar_llama31_8b_instruct_dbkon_k4_nectar_full,configs/experiments/publication_suite/nectar_llama31_8b_instruct_dbkon_k4_nectar_full.yaml,llama31_8b_instruct,nectar,nectar_full,dbkon,4,True,1.543,0,21,configs/experiments/publication_suite/publication_suite_v1_manifest.json,publication_suite_v1,/home/mahmood6/Desktop/projects/mrt/results/runs/nectar_llama31_8b_instruct_dbkon_k4_nectar_full/summary.json,completed,True,True,hf_nectar,berkeley-nest/Nectar,train,/scratch/gilbreth/mahmood6/data/mrt/nectar/prompt_pools_publication_1200_128_256_seed7.jsonl,4,0.8,0.1,1200,128,256,7,dbkon,4,0.75,sentence-transformers/all-MiniLM-L6-v2,reward_model,Skywork/Skywork-Reward-V2-Llama-3.1-8B,8,True,7,True,1024,1,1,16,1,0.00012,0.01,0.03,5,100,50,8,True,16,32,0.05,adamw_torch,1,16,"[2, 4, 8, 16]",128,1024,0.8,0.95,2,sentence-transformers/all-MiniLM-L6-v2,Skywork/Skywork-Reward-V2-Llama-3.1-8B,8,True,llama31_8b_instruct,True,nectar_llama31_8b_instruct_dbkon_k4_nectar_full,7,2026-03-27T21:43:51+00:00,/scratch/gilbreth/mahmood6/runs/mrt/nectar_llama31_8b_instruct_dbkon_k4_nectar_full/checkpoints,0.9118797779083252,58.8697,15.101,15.101,1.0,0.8887755328158694,2.432149739717053,409.6796875,68.15625,4.397046089172363,4.397046089172363,4.397046089172363,403.18359375,66.765625,0.27252442645840347,0.7250128528685309,0.8261967272264883,4.176412642002106,4.176412642002106,6.804689526557922,401.759765625,66.78515625,0.2657127652782947,0.7633277720306069,0.826007061987184,4.267806440591812,4.267806440591812,9.01368522644043,401.7080078125,66.92138671875,0.2651486024260521,0.7935852458467707,0.8287850398337469,4.181010738015175,4.181010738015175,10.979490756988525,399.831298828125,66.66943359375,0.27050614496693015,0.8136047725565732,0.8264013307634741,4.066195107996464,4.066195107996464,12.42350149154663,399.831298828125,66.66943359375,0.27050614496693015,0.8136047725565732,0.8264013307634741,4.066195107996464,4.066195107996464,12.42350149154663,1200,128,256,4800,895,1791,,,
nectar_llama31_8b_instruct_dkon_k2_nectar_full,configs/experiments/publication_suite/nectar_llama31_8b_instruct_dkon_k2_nectar_full.yaml,llama31_8b_instruct,nectar,nectar_full,dkon,2,False,1.108,1,22,configs/experiments/publication_suite/publication_suite_v1_manifest.json,publication_suite_v1,/home/mahmood6/Desktop/projects/mrt/results/runs/nectar_llama31_8b_instruct_dkon_k2_nectar_full/summary.json,completed,False,True,hf_nectar,berkeley-nest/Nectar,train,/scratch/gilbreth/mahmood6/data/mrt/nectar/prompt_pools_publication_1200_128_256_seed7.jsonl,4,0.8,0.1,1200,128,256,7,dkon,2,0.0,sentence-transformers/all-MiniLM-L6-v2,reward_model,Skywork/Skywork-Reward-V2-Llama-3.1-8B,8,True,7,True,1024,1,1,16,1,0.00012,0.01,0.03,5,100,50,8,True,16,32,0.05,adamw_torch,1,16,"[2, 4, 8, 16]",128,1024,0.8,0.95,2,sentence-transformers/all-MiniLM-L6-v2,Skywork/Skywork-Reward-V2-Llama-3.1-8B,8,True,llama31_8b_instruct,True,nectar_llama31_8b_instruct_dkon_k2_nectar_full,7,2026-03-28T11:06:44+00:00,/scratch/gilbreth/mahmood6/runs/mrt/nectar_llama31_8b_instruct_dkon_k2_nectar_full/checkpoints,0.8859125971794128,96.0358,9.257,9.257,1.0,0.891518733641227,2.4388307744107323,363.109375,60.88671875,1.3177108764648438,1.3177108764648438,1.3177108764648438,356.869140625,60.064453125,0.3341537290252745,0.7159099620621419,0.7994069216219941,2.057568907737732,2.057568907737732,5.465952634811401,355.5322265625,59.7353515625,0.33978399727493525,0.7596786562353373,0.79181613761466,1.589220941066742,1.589220941066742,7.773432493209839,357.1982421875,60.0458984375,0.3379001815337688,0.7940277500310913,0.7944596434244886,1.6722071021795273,1.6722071021795273,10.069554924964905,355.631103515625,59.782470703125,0.33743240870535374,0.8167450976325199,0.7934320184867829,1.6380623057484627,1.6380623057484627,11.48465120792389,355.631103515625,59.782470703125,0.33743240870535374,0.8167450976325199,0.7934320184867829,1.6380623057484627,1.6380623057484627,11.48465120792389,1200,128,256,2400,895,1791,,,
nectar_llama31_8b_instruct_dkon_k4_nectar_full,configs/experiments/publication_suite/nectar_llama31_8b_instruct_dkon_k4_nectar_full.yaml,llama31_8b_instruct,nectar,nectar_full,dkon,4,True,1.488,1,21,configs/experiments/publication_suite/publication_suite_v1_manifest.json,publication_suite_v1,/home/mahmood6/Desktop/projects/mrt/results/runs/nectar_llama31_8b_instruct_dkon_k4_nectar_full/summary.json,completed,True,True,hf_nectar,berkeley-nest/Nectar,train,/scratch/gilbreth/mahmood6/data/mrt/nectar/prompt_pools_publication_1200_128_256_seed7.jsonl,4,0.8,0.1,1200,128,256,7,dkon,4,0.0,sentence-transformers/all-MiniLM-L6-v2,reward_model,Skywork/Skywork-Reward-V2-Llama-3.1-8B,8,True,7,True,1024,1,1,16,1,0.00012,0.01,0.03,5,100,50,8,True,16,32,0.05,adamw_torch,1,16,"[2, 4, 8, 16]",128,1024,0.8,0.95,2,sentence-transformers/all-MiniLM-L6-v2,Skywork/Skywork-Reward-V2-Llama-3.1-8B,8,True,llama31_8b_instruct,True,nectar_llama31_8b_instruct_dkon_k4_nectar_full,7,2026-03-28T03:50:43+00:00,/scratch/gilbreth/mahmood6/runs/mrt/nectar_llama31_8b_instruct_dkon_k4_nectar_full/checkpoints,0.875322163105011,57.9085,15.352,15.352,1.0,0.8740257693976331,2.3965393742914265,347.71484375,58.84765625,1.4100422859191895,1.4100422859191895,1.4100422859191895,368.77734375,62.30859375,0.3407158004119992,0.7065353673533536,0.7899090188439004,0.8281335830688477,0.8281335830688477,4.527587890625,369.853515625,62.4677734375,0.3461337178014219,0.7546369617339224,0.7868249100865796,0.8045344352722168,0.8045344352722168,7.021940231323242,362.8857421875,61.18017578125,0.349485844373703,0.7944604840595275,0.7880228348076344,0.9844512939453125,0.9844512939453125,9.267913818359375,362.30908203125,61.319091796875,0.34672550787217915,0.8191338900942355,0.7883084958884865,1.0092793107032776,1.0092793107032776,11.102237701416016,362.30908203125,61.319091796875,0.34672550787217915,0.8191338900942355,0.7883084958884865,1.0092793107032776,1.0092793107032776,11.102237701416016,1200,128,256,4800,895,1791,,,
nectar_llama31_8b_instruct_rkon_k1_nectar_full,configs/experiments/publication_suite/nectar_llama31_8b_instruct_rkon_k1_nectar_full.yaml,llama31_8b_instruct,nectar,nectar_full,rkon,1,True,1.235,0,19,configs/experiments/publication_suite/publication_suite_v1_manifest.json,publication_suite_v1,/home/mahmood6/Desktop/projects/mrt/results/runs/nectar_llama31_8b_instruct_rkon_k1_nectar_full/summary.json,completed,True,True,hf_nectar,berkeley-nest/Nectar,train,/scratch/gilbreth/mahmood6/data/mrt/nectar/prompt_pools_publication_1200_128_256_seed7.jsonl,4,0.8,0.1,1200,128,256,7,rkon,1,1.0,sentence-transformers/all-MiniLM-L6-v2,reward_model,Skywork/Skywork-Reward-V2-Llama-3.1-8B,8,True,7,True,1024,1,1,16,1,0.00012,0.01,0.03,5,100,50,8,True,16,32,0.05,adamw_torch,1,16,"[2, 4, 8, 16]",128,1024,0.8,0.95,2,sentence-transformers/all-MiniLM-L6-v2,Skywork/Skywork-Reward-V2-Llama-3.1-8B,8,True,llama31_8b_instruct,True,nectar_llama31_8b_instruct_rkon_k1_nectar_full,7,2026-03-27T15:40:59+00:00,/scratch/gilbreth/mahmood6/runs/mrt/nectar_llama31_8b_instruct_rkon_k1_nectar_full/checkpoints,0.9173247814178467,58.1908,15.277,15.277,1.0,0.9088458665117571,2.4814569475058397,369.55078125,62.66015625,1.894418716430664,1.894418716430664,1.894418716430664,360.017578125,60.849609375,0.31437422684393823,0.6971111752209254,0.7935147383832373,1.5169757902622223,1.5169757902622223,4.899774551391602,365.3857421875,61.73828125,0.31847133790142834,0.7431129935430363,0.788569939439185,2.0790807753801346,2.0790807753801346,8.168632507324219,367.380859375,62.05859375,0.3179296497255564,0.7788172537693754,0.7925953173544258,1.907642938196659,1.907642938196659,9.774356842041016,367.05029296875,62.033447265625,0.31771043478511274,0.8037985871778801,0.7935794190270826,1.8055601343512535,1.8055601343512535,11.275901794433594,367.05029296875,62.033447265625,0.31771043478511274,0.8037985871778801,0.7935794190270826,1.8055601343512535,1.8055601343512535,11.275901794433594,1200,128,256,1200,895,1791,,,
nectar_llama31_8b_instruct_rkon_k2_nectar_full,configs/experiments/publication_suite/nectar_llama31_8b_instruct_rkon_k2_nectar_full.yaml,llama31_8b_instruct,nectar,nectar_full,rkon,2,False,1.026,0,23,configs/experiments/publication_suite/publication_suite_v1_manifest.json,publication_suite_v1,/home/mahmood6/Desktop/projects/mrt/results/runs/nectar_llama31_8b_instruct_rkon_k2_nectar_full/summary.json,completed,False,True,hf_nectar,berkeley-nest/Nectar,train,/scratch/gilbreth/mahmood6/data/mrt/nectar/prompt_pools_publication_1200_128_256_seed7.jsonl,4,0.8,0.1,1200,128,256,7,rkon,2,1.0,sentence-transformers/all-MiniLM-L6-v2,reward_model,Skywork/Skywork-Reward-V2-Llama-3.1-8B,8,True,7,True,1024,1,1,16,1,0.00012,0.01,0.03,5,100,50,8,True,16,32,0.05,adamw_torch,1,16,"[2, 4, 8, 16]",128,1024,0.8,0.95,2,sentence-transformers/all-MiniLM-L6-v2,Skywork/Skywork-Reward-V2-Llama-3.1-8B,8,True,llama31_8b_instruct,True,nectar_llama31_8b_instruct_rkon_k2_nectar_full,7,2026-03-28T05:12:21+00:00,/scratch/gilbreth/mahmood6/runs/mrt/nectar_llama31_8b_instruct_rkon_k2_nectar_full/checkpoints,0.8948011994361877,100.2263,8.87,8.87,1.0,0.8930160201105412,2.4424851378619628,367.94140625,61.87109375,1.8240947723388672,1.8240947723388672,1.8240947723388672,364.255859375,61.09375,0.310267664026469,0.7106127634178847,0.8077499393839389,1.7358555793762207,1.7358555793762207,5.266541481018066,372.3818359375,62.3173828125,0.3099939238745719,0.7618249517399818,0.8096334550064057,2.059127002954483,2.059127002954483,7.945042848587036,370.3759765625,62.037109375,0.31048243562690914,0.792399387806654,0.8052875971188769,1.926440268754959,1.926440268754959,9.909441947937012,370.23779296875,62.084716796875,0.30695850448682904,0.8166780949104577,0.8091007166076452,1.9124900177121162,1.9124900177121162,11.42559814453125,370.23779296875,62.084716796875,0.30695850448682904,0.8166780949104577,0.8091007166076452,1.9124900177121162,1.9124900177121162,11.42559814453125,1200,128,256,2400,895,1791,,,
nectar_llama31_8b_instruct_rkon_k4_nectar_full,configs/experiments/publication_suite/nectar_llama31_8b_instruct_rkon_k4_nectar_full.yaml,llama31_8b_instruct,nectar,nectar_full,rkon,4,True,1.377,1,19,configs/experiments/publication_suite/publication_suite_v1_manifest.json,publication_suite_v1,/home/mahmood6/Desktop/projects/mrt/results/runs/nectar_llama31_8b_instruct_rkon_k4_nectar_full/summary.json,completed,True,True,hf_nectar,berkeley-nest/Nectar,train,/scratch/gilbreth/mahmood6/data/mrt/nectar/prompt_pools_publication_1200_128_256_seed7.jsonl,4,0.8,0.1,1200,128,256,7,rkon,4,1.0,sentence-transformers/all-MiniLM-L6-v2,reward_model,Skywork/Skywork-Reward-V2-Llama-3.1-8B,8,True,7,True,1024,1,1,16,1,0.00012,0.01,0.03,5,100,50,8,True,16,32,0.05,adamw_torch,1,16,"[2, 4, 8, 16]",128,1024,0.8,0.95,2,sentence-transformers/all-MiniLM-L6-v2,Skywork/Skywork-Reward-V2-Llama-3.1-8B,8,True,llama31_8b_instruct,True,nectar_llama31_8b_instruct_rkon_k4_nectar_full,7,2026-03-29T06:44:14+00:00,/scratch/gilbreth/mahmood6/runs/mrt/nectar_llama31_8b_instruct_rkon_k4_nectar_full/checkpoints,0.876484751701355,57.9269,15.347,15.347,1.0,0.8725782217807792,2.393072779067625,373.8984375,63.37109375,2.2281131744384766,2.2281131744384766,2.2281131744384766,370.01953125,62.359375,0.2921743339393288,0.7152044489630498,0.8097546976059675,2.04850035905838,2.04850035905838,5.2946319580078125,366.9130859375,61.9130859375,0.31575677753426135,0.7642117739887908,0.8077487733680755,2.0452950298786163,2.0452950298786163,7.96406364440918,368.16015625,61.96484375,0.3209443606901914,0.7961908630095422,0.804422052227892,2.140676870942116,2.140676870942116,9.778213500976562,368.802978515625,62.041259765625,0.31682811747305095,0.8186717925127596,0.8084401842206717,2.235336072742939,2.235336072742939,11.541738510131836,368.802978515625,62.041259765625,0.31682811747305095,0.8186717925127596,0.8084401842206717,2.235336072742939,2.235336072742939,11.541738510131836,1200,128,256,4800,895,1791,,,
ultrafeedback_llama31_8b_instruct_bkon_k1_ultrafeedback_full,configs/experiments/publication_suite/ultrafeedback_llama31_8b_instruct_bkon_k1_ultrafeedback_full.yaml,llama31_8b_instruct,ultrafeedback,ultrafeedback_full,bkon,1,False,0.884,0,25,configs/experiments/publication_suite/publication_suite_v1_manifest.json,publication_suite_v1,/home/mahmood6/Desktop/projects/mrt/results/runs/ultrafeedback_llama31_8b_instruct_bkon_k1_ultrafeedback_full/summary.json,completed,False,True,hf_ultrafeedback,openbmb/UltraFeedback,train,/scratch/gilbreth/mahmood6/data/mrt/ultrafeedback/prompt_pools_publication_1600_128_256_seed7.jsonl,4,0.8,0.1,1600,128,256,4,bkon,1,1.0,sentence-transformers/all-MiniLM-L6-v2,reward_model,Skywork/Skywork-Reward-V2-Llama-3.1-8B,8,True,4,True,1024,1,1,16,1,0.00012,0.01,0.03,5,100,50,8,True,16,32,0.05,adamw_torch,1,16,"[2, 4, 8, 16]",128,1024,0.8,0.95,2,sentence-transformers/all-MiniLM-L6-v2,Skywork/Skywork-Reward-V2-Llama-3.1-8B,8,True,llama31_8b_instruct,True,ultrafeedback_llama31_8b_instruct_bkon_k1_ultrafeedback_full,7,2026-03-28T08:06:35+00:00,/scratch/gilbreth/mahmood6/runs/mrt/ultrafeedback_llama31_8b_instruct_bkon_k1_ultrafeedback_full/checkpoints,1.0994118452072144,60.0173,8.264,8.264,1.0,1.0646854976990394,2.899926806972846,446.64453125,71.6875,4.405549049377441,4.405549049377441,4.405549049377441,447.525390625,71.90625,0.27573600853793323,0.699989304295741,0.7844545023981482,3.754817247390747,3.754817247390747,6.260688781738281,447.810546875,71.7939453125,0.2675757547840476,0.7334069263888523,0.7810905318474397,3.980681300163269,3.980681300163269,8.344759941101074,450.99560546875,72.2294921875,0.26819413318298757,0.760228737606667,0.7764806905761361,4.079864993691444,4.079864993691444,9.818201780319214,451.56201171875,72.355224609375,0.27288288506679237,0.7875777861336246,0.7752133635804057,4.02479587495327,4.02479587495327,11.290966033935547,451.56201171875,72.355224609375,0.27288288506679237,0.7875777861336246,0.7752133635804057,4.02479587495327,4.02479587495327,11.290966033935547,1600,128,256,1600,512,1024,,,
ultrafeedback_llama31_8b_instruct_bkon_k2_ultrafeedback_full,configs/experiments/publication_suite/ultrafeedback_llama31_8b_instruct_bkon_k2_ultrafeedback_full.yaml,llama31_8b_instruct,ultrafeedback,ultrafeedback_full,bkon,2,True,1.147,1,25,configs/experiments/publication_suite/publication_suite_v1_manifest.json,publication_suite_v1,/home/mahmood6/Desktop/projects/mrt/results/runs/ultrafeedback_llama31_8b_instruct_bkon_k2_ultrafeedback_full/summary.json,completed,True,True,hf_ultrafeedback,openbmb/UltraFeedback,train,/scratch/gilbreth/mahmood6/data/mrt/ultrafeedback/prompt_pools_publication_1600_128_256_seed7.jsonl,4,0.8,0.1,1600,128,256,4,bkon,2,1.0,sentence-transformers/all-MiniLM-L6-v2,reward_model,Skywork/Skywork-Reward-V2-Llama-3.1-8B,8,True,4,True,1024,1,1,16,1,0.00012,0.01,0.03,5,100,50,8,True,16,32,0.05,adamw_torch,1,16,"[2, 4, 8, 16]",128,1024,0.8,0.95,2,sentence-transformers/all-MiniLM-L6-v2,Skywork/Skywork-Reward-V2-Llama-3.1-8B,8,True,llama31_8b_instruct,True,ultrafeedback_llama31_8b_instruct_bkon_k2_ultrafeedback_full,7,2026-03-29T13:57:19+00:00,/scratch/gilbreth/mahmood6/runs/mrt/ultrafeedback_llama31_8b_instruct_bkon_k2_ultrafeedback_full/checkpoints,1.074155569076538,35.4619,13.987,13.987,1.0,1.0462740789951077,2.847023546778017,439.59375,71.16015625,2.8766837120056152,2.8766837120056152,2.8766837120056152,428.193359375,69.171875,0.2961891416925937,0.6977482166257687,0.7760473142843693,3.4143238067626953,3.4143238067626953,6.084299087524414,431.1552734375,69.7392578125,0.29813184728845954,0.7371477946289815,0.770009194558952,3.252061367034912,3.252061367034912,7.937019348144531,433.2685546875,70.0400390625,0.29298196570016444,0.7628284724196419,0.7651593956397846,3.319129079580307,3.319129079580307,9.454620361328125,435.244873046875,70.24072265625,0.2914304055739194,0.7867126876953989,0.7669001828180626,3.3479732889682055,3.3479732889682055,10.459841310977936,435.244873046875,70.24072265625,0.2914304055739194,0.7867126876953989,0.7669001828180626,3.3479732889682055,3.3479732889682055,10.459841310977936,1600,128,256,3200,512,1024,,,
ultrafeedback_llama31_8b_instruct_dbkon_k2_ultrafeedback_full,configs/experiments/publication_suite/ultrafeedback_llama31_8b_instruct_dbkon_k2_ultrafeedback_full.yaml,llama31_8b_instruct,ultrafeedback,ultrafeedback_full,dbkon,2,True,1.285,0,26,configs/experiments/publication_suite/publication_suite_v1_manifest.json,publication_suite_v1,/home/mahmood6/Desktop/projects/mrt/results/runs/ultrafeedback_llama31_8b_instruct_dbkon_k2_ultrafeedback_full/summary.json,completed,True,True,hf_ultrafeedback,openbmb/UltraFeedback,train,/scratch/gilbreth/mahmood6/data/mrt/ultrafeedback/prompt_pools_publication_1600_128_256_seed7.jsonl,4,0.8,0.1,1600,128,256,4,dbkon,2,0.75,sentence-transformers/all-MiniLM-L6-v2,reward_model,Skywork/Skywork-Reward-V2-Llama-3.1-8B,8,True,4,True,1024,1,1,16,1,0.00012,0.01,0.03,5,100,50,8,True,16,32,0.05,adamw_torch,1,16,"[2, 4, 8, 16]",128,1024,0.8,0.95,2,sentence-transformers/all-MiniLM-L6-v2,Skywork/Skywork-Reward-V2-Llama-3.1-8B,8,True,llama31_8b_instruct,True,ultrafeedback_llama31_8b_instruct_dbkon_k2_ultrafeedback_full,7,2026-03-29T11:19:35+00:00,/scratch/gilbreth/mahmood6/runs/mrt/ultrafeedback_llama31_8b_instruct_dbkon_k2_ultrafeedback_full/checkpoints,1.0591894388198853,35.991,13.781,13.781,1.0,1.0413292572345763,2.832980272150784,422.3125,68.1796875,2.7596349716186523,2.7596349716186523,2.7596349716186523,418.671875,67.85546875,0.3142118195537478,0.6886701775365509,0.7632552083814517,2.5065088272094727,2.5065088272094727,5.225772857666016,424.384765625,69.0283203125,0.30412563658319414,0.7289766034809873,0.7610881548607722,2.616484835743904,2.616484835743904,7.414101600646973,421.27880859375,68.44921875,0.30374234705232084,0.7642146194120869,0.7599595374194905,2.671576626598835,2.671576626598835,9.138612747192383,422.693115234375,68.565673828125,0.30567037081345916,0.7878237571567297,0.7587062731618062,2.67536573857069,2.67536573857069,10.579727172851562,422.693115234375,68.565673828125,0.30567037081345916,0.7878237571567297,0.7587062731618062,2.67536573857069,2.67536573857069,10.579727172851562,1600,128,256,3200,512,1024,,,
ultrafeedback_llama31_8b_instruct_dkon_k2_ultrafeedback_full,configs/experiments/publication_suite/ultrafeedback_llama31_8b_instruct_dkon_k2_ultrafeedback_full.yaml,llama31_8b_instruct,ultrafeedback,ultrafeedback_full,dkon,2,True,1.239,1,26,configs/experiments/publication_suite/publication_suite_v1_manifest.json,publication_suite_v1,/home/mahmood6/Desktop/projects/mrt/results/runs/ultrafeedback_llama31_8b_instruct_dkon_k2_ultrafeedback_full/summary.json,completed,True,True,hf_ultrafeedback,openbmb/UltraFeedback,train,/scratch/gilbreth/mahmood6/data/mrt/ultrafeedback/prompt_pools_publication_1600_128_256_seed7.jsonl,4,0.8,0.1,1600,128,256,4,dkon,2,0.0,sentence-transformers/all-MiniLM-L6-v2,reward_model,Skywork/Skywork-Reward-V2-Llama-3.1-8B,8,True,4,True,1024,1,1,16,1,0.00012,0.01,0.03,5,100,50,8,True,16,32,0.05,adamw_torch,1,16,"[2, 4, 8, 16]",128,1024,0.8,0.95,2,sentence-transformers/all-MiniLM-L6-v2,Skywork/Skywork-Reward-V2-Llama-3.1-8B,8,True,llama31_8b_instruct,True,ultrafeedback_llama31_8b_instruct_dkon_k2_ultrafeedback_full,7,2026-03-28T21:03:40+00:00,/scratch/gilbreth/mahmood6/runs/mrt/ultrafeedback_llama31_8b_instruct_dkon_k2_ultrafeedback_full/checkpoints,1.0478464365005493,60.81,8.157,8.157,1.0,1.0371510898694396,2.821168299813819,426.8828125,69.79296875,1.209890365600586,1.209890365600586,1.209890365600586,420.4453125,68.400390625,0.3624846516177058,0.6726192123896908,0.7316986308433115,1.0254395604133606,1.0254395604133606,4.1535574197769165,422.7529296875,68.9833984375,0.35857764491811395,0.7231239680550061,0.7355627261567861,1.1428981125354767,1.1428981125354767,6.573453426361084,424.572265625,69.3603515625,0.35038629663176835,0.7602101208176464,0.739240943628829,1.1493457406759262,1.1493457406759262,8.374863147735596,425.881591796875,69.46435546875,0.347650398965925,0.7882672310806811,0.7405150824924931,1.093155361711979,1.093155361711979,9.575230121612549,425.881591796875,69.46435546875,0.347650398965925,0.7882672310806811,0.7405150824924931,1.093155361711979,1.093155361711979,9.575230121612549,1600,128,256,3200,512,1024,,,
ultrafeedback_llama31_8b_instruct_rkon_k1_ultrafeedback_full,configs/experiments/publication_suite/ultrafeedback_llama31_8b_instruct_rkon_k1_ultrafeedback_full.yaml,llama31_8b_instruct,ultrafeedback,ultrafeedback_full,rkon,1,False,0.884,0,24,configs/experiments/publication_suite/publication_suite_v1_manifest.json,publication_suite_v1,/home/mahmood6/Desktop/projects/mrt/results/runs/ultrafeedback_llama31_8b_instruct_rkon_k1_ultrafeedback_full/summary.json,completed,False,True,hf_ultrafeedback,openbmb/UltraFeedback,train,/scratch/gilbreth/mahmood6/data/mrt/ultrafeedback/prompt_pools_publication_1600_128_256_seed7.jsonl,4,0.8,0.1,1600,128,256,4,rkon,1,1.0,sentence-transformers/all-MiniLM-L6-v2,reward_model,Skywork/Skywork-Reward-V2-Llama-3.1-8B,8,True,4,True,1024,1,1,16,1,0.00012,0.01,0.03,5,100,50,8,True,16,32,0.05,adamw_torch,1,16,"[2, 4, 8, 16]",128,1024,0.8,0.95,2,sentence-transformers/all-MiniLM-L6-v2,Skywork/Skywork-Reward-V2-Llama-3.1-8B,8,True,llama31_8b_instruct,True,ultrafeedback_llama31_8b_instruct_rkon_k1_ultrafeedback_full,7,2026-03-29T12:48:25+00:00,/scratch/gilbreth/mahmood6/runs/mrt/ultrafeedback_llama31_8b_instruct_rkon_k1_ultrafeedback_full/checkpoints,1.072953462600708,35.3507,14.031,14.031,1.0,1.0519166921989784,2.8631336081130896,442.2421875,72.265625,1.1338729858398438,1.1338729858398438,1.1338729858398438,441.611328125,72.205078125,0.31488014315254986,0.6788072443159763,0.7420794435893185,1.5519444942474365,1.5519444942474365,4.577369689941406,442.8203125,72.43359375,0.3224158810917288,0.7304359634290449,0.7499319681664929,1.5956131219863892,1.5956131219863892,6.7462158203125,441.380859375,72.0869140625,0.31873692316003144,0.7597061203559861,0.7507517367484979,1.783120572566986,1.783120572566986,8.279112339019775,440.607177734375,71.94580078125,0.32193200499750674,0.7850494667654857,0.7493313900195062,1.670082975178957,1.670082975178957,9.894981861114502,440.607177734375,71.94580078125,0.32193200499750674,0.7850494667654857,0.7493313900195062,1.670082975178957,1.670082975178957,9.894981861114502,1600,128,256,1600,512,1024,,,
ultrafeedback_llama31_8b_instruct_rkon_k2_ultrafeedback_full,configs/experiments/publication_suite/ultrafeedback_llama31_8b_instruct_rkon_k2_ultrafeedback_full.yaml,llama31_8b_instruct,ultrafeedback,ultrafeedback_full,rkon,2,True,1.147,1,24,configs/experiments/publication_suite/publication_suite_v1_manifest.json,publication_suite_v1,/home/mahmood6/Desktop/projects/mrt/results/runs/ultrafeedback_llama31_8b_instruct_rkon_k2_ultrafeedback_full/summary.json,completed,True,True,hf_ultrafeedback,openbmb/UltraFeedback,train,/scratch/gilbreth/mahmood6/data/mrt/ultrafeedback/prompt_pools_publication_1600_128_256_seed7.jsonl,4,0.8,0.1,1600,128,256,4,rkon,2,1.0,sentence-transformers/all-MiniLM-L6-v2,reward_model,Skywork/Skywork-Reward-V2-Llama-3.1-8B,8,True,4,True,1024,1,1,16,1,0.00012,0.01,0.03,5,100,50,8,True,16,32,0.05,adamw_torch,1,16,"[2, 4, 8, 16]",128,1024,0.8,0.95,2,sentence-transformers/all-MiniLM-L6-v2,Skywork/Skywork-Reward-V2-Llama-3.1-8B,8,True,llama31_8b_instruct,True,ultrafeedback_llama31_8b_instruct_rkon_k2_ultrafeedback_full,7,2026-03-28T13:53:01+00:00,/scratch/gilbreth/mahmood6/runs/mrt/ultrafeedback_llama31_8b_instruct_rkon_k2_ultrafeedback_full/checkpoints,1.0536224842071533,61.8991,8.013,8.013,1.0,1.0383450674513977,2.824538723223322,418.44140625,68.28125,1.6740684509277344,1.6740684509277344,1.6740684509277344,425.001953125,69.564453125,0.3312735615763813,0.6929427657159977,0.7560888559091836,2.183598518371582,2.183598518371582,5.131126403808594,423.4345703125,69.1748046875,0.32314557558856905,0.7329524455126375,0.7553430959815159,1.726445198059082,1.726445198059082,6.8374481201171875,423.4423828125,69.1806640625,0.3254652190953493,0.765748159494251,0.7510935196187347,1.6547733843326569,1.6547733843326569,8.432144165039062,424.010009765625,69.263916015625,0.3242424160707742,0.7892104270868003,0.7529752157861367,1.7226724699139595,1.7226724699139595,10.082207679748535,424.010009765625,69.263916015625,0.3242424160707742,0.7892104270868003,0.7529752157861367,1.7226724699139595,1.7226724699139595,10.082207679748535,1600,128,256,3200,512,1024,,,
gold_gens_llama31_8b_instruct_bkon_k1_compute_matched_equal_examples_v2,configs/experiments/publication_compute_matched_v2/gold_gens_llama31_8b_instruct_bkon_k1_compute_matched_equal_examples_v2.yaml,llama31_8b_instruct,gold_gens,gold_compute_matched_equal_examples_v2,bkon,1,True,1.196,0,2,configs/experiments/publication_compute_matched_v2/publication_gold_compute_matched_equal_examples_v2_manifest.json,publication_gold_compute_matched_equal_examples_v2,/home/mahmood6/Desktop/projects/mrt/results/runs/gold_gens_llama31_8b_instruct_bkon_k1_compute_matched_equal_examples_v2/summary.json,completed,True,True,hf_gold_labelled_gens,tlc4418/gold_labelled_gens,validation,/scratch/gilbreth/mahmood6/data/mrt/gold_labelled_gens/prompt_pools_publication_800_64_100_seed7.jsonl,4,0.8,0.1,800,64,100,32,bkon,1,1.0,sentence-transformers/all-MiniLM-L6-v2,reward_model,Skywork/Skywork-Reward-V2-Llama-3.1-8B,8,True,64,True,1024,1,1,16,1,0.00012,0.01,0.03,5,50,50,20,True,16,32,0.05,adamw_torch,1,16,"[2, 4, 8, 16]",128,1024,0.8,0.95,2,sentence-transformers/all-MiniLM-L6-v2,Skywork/Skywork-Reward-V2-Llama-3.1-8B,8,True,llama31_8b_instruct,True,gold_gens_llama31_8b_instruct_bkon_k1_compute_matched_equal_examples_v2,7,2026-03-28T09:01:59+00:00,/scratch/gilbreth/mahmood6/runs/mrt/gold_gens_llama31_8b_instruct_bkon_k1_compute_matched_equal_examples_v2/checkpoints,1.8253755569458008,135.0302,15.167,15.167,16.0,1.583303648242727,4.8710214003876535,213.6,36.48,2.014970703125,2.014970703125,2.014970703125,200.63,34.12,0.2778693890571594,0.7023966708779334,0.8209023249149322,1.95418701171875,1.95418701171875,5.7186669921875,203.7625,34.4375,0.28308285772800446,0.744026083946228,0.8231183081865311,1.759607696533203,1.759607696533203,7.580888671875,201.69625,34.415,0.2732901394367218,0.765341354906559,0.8282605326175689,2.0186939239501953,2.0186939239501953,9.870693359375,204.470625,34.879375,0.2794828176498413,0.7866158682107925,0.8265887153148651,1.837927062511444,1.837927062511444,11.5565478515625,204.470625,34.879375,0.2794828176498413,0.7866158682107925,0.8265887153148651,1.837927062511444,1.837927062511444,11.5565478515625,800,64,100,800,2048,3200,800.0,"50,100,200,400,800","[50, 100, 200, 400, 800]"
gold_gens_llama31_8b_instruct_bkon_k2_compute_matched_equal_examples_v2,configs/experiments/publication_compute_matched_v2/gold_gens_llama31_8b_instruct_bkon_k2_compute_matched_equal_examples_v2.yaml,llama31_8b_instruct,gold_gens,gold_compute_matched_equal_examples_v2,bkon,2,True,1.242,0,7,configs/experiments/publication_compute_matched_v2/publication_gold_compute_matched_equal_examples_v2_manifest.json,publication_gold_compute_matched_equal_examples_v2,/home/mahmood6/Desktop/projects/mrt/results/runs/gold_gens_llama31_8b_instruct_bkon_k2_compute_matched_equal_examples_v2/summary.json,completed,True,True,hf_gold_labelled_gens,tlc4418/gold_labelled_gens,validation,/scratch/gilbreth/mahmood6/data/mrt/gold_labelled_gens/prompt_pools_publication_800_64_100_seed7.jsonl,4,0.8,0.1,800,64,100,32,bkon,2,1.0,sentence-transformers/all-MiniLM-L6-v2,reward_model,Skywork/Skywork-Reward-V2-Llama-3.1-8B,8,True,64,True,1024,1,1,16,1,0.00012,0.01,0.03,5,50,50,20,True,16,32,0.05,adamw_torch,1,16,"[2, 4, 8, 16]",128,1024,0.8,0.95,2,sentence-transformers/all-MiniLM-L6-v2,Skywork/Skywork-Reward-V2-Llama-3.1-8B,8,True,llama31_8b_instruct,True,gold_gens_llama31_8b_instruct_bkon_k2_compute_matched_equal_examples_v2,7,2026-03-28T22:48:48+00:00,/scratch/gilbreth/mahmood6/runs/mrt/gold_gens_llama31_8b_instruct_bkon_k2_compute_matched_equal_examples_v2/checkpoints,1.8006501197814941,121.9805,16.79,16.79,8.0,1.563860495905392,4.777228162122517,208.21,35.81,4.030625,4.030625,4.030625,207.375,35.425,0.23419082999229432,0.7099430629611015,0.8400986027717591,3.9183392333984375,3.9183392333984375,6.850526123046875,203.0275,34.6125,0.22874052822589874,0.7454132199287414,0.8435949563980103,4.090304870605468,4.090304870605468,9.43353515625,202.13875,34.44125,0.23000815153121948,0.7653699520230294,0.8408060321211814,4.3214640808105464,4.3214640808105464,11.3588671875,203.976875,34.724375,0.23880711197853088,0.7828092312812805,0.8392277693748474,4.468049697875976,4.468049697875976,13.12265625,203.976875,34.724375,0.23880711197853088,0.7828092312812805,0.8392277693748474,4.468049697875976,4.468049697875976,13.12265625,800,64,100,1600,2048,3200,800.0,"50,100,200,400,800","[50, 100, 200, 400, 800]"
gold_gens_llama31_8b_instruct_bkon_k4_compute_matched_equal_examples_v2,configs/experiments/publication_compute_matched_v2/gold_gens_llama31_8b_instruct_bkon_k4_compute_matched_equal_examples_v2.yaml,llama31_8b_instruct,gold_gens,gold_compute_matched_equal_examples_v2,bkon,4,True,1.334,0,5,configs/experiments/publication_compute_matched_v2/publication_gold_compute_matched_equal_examples_v2_manifest.json,publication_gold_compute_matched_equal_examples_v2,/home/mahmood6/Desktop/projects/mrt/results/runs/gold_gens_llama31_8b_instruct_bkon_k4_compute_matched_equal_examples_v2/summary.json,completed,True,True,hf_gold_labelled_gens,tlc4418/gold_labelled_gens,validation,/scratch/gilbreth/mahmood6/data/mrt/gold_labelled_gens/prompt_pools_publication_800_64_100_seed7.jsonl,4,0.8,0.1,800,64,100,32,bkon,4,1.0,sentence-transformers/all-MiniLM-L6-v2,reward_model,Skywork/Skywork-Reward-V2-Llama-3.1-8B,8,True,64,True,1024,1,1,16,1,0.00012,0.01,0.03,5,50,50,20,True,16,32,0.05,adamw_torch,1,16,"[2, 4, 8, 16]",128,1024,0.8,0.95,2,sentence-transformers/all-MiniLM-L6-v2,Skywork/Skywork-Reward-V2-Llama-3.1-8B,8,True,llama31_8b_instruct,True,gold_gens_llama31_8b_instruct_bkon_k4_compute_matched_equal_examples_v2,7,2026-03-28T17:18:38+00:00,/scratch/gilbreth/mahmood6/runs/mrt/gold_gens_llama31_8b_instruct_bkon_k4_compute_matched_equal_examples_v2/checkpoints,1.736717939376831,124.5524,16.443,16.443,4.0,1.5275134810479358,4.60670790285907,171.52,29.65,2.3428173828125,2.3428173828125,2.3428173828125,165.93,28.235,0.27735314905643466,0.6973592847585678,0.8196678107976914,1.633441162109375,1.633441162109375,4.8871630859375,168.6925,28.8375,0.2665322357416153,0.73495111733675,0.8237570595741271,2.2126605224609377,2.2126605224609377,8.1113427734375,163.79,27.955,0.2603757661581039,0.7614302907884121,0.8268843752145767,1.9448480224609375,1.9448480224609375,9.8838525390625,162.61,27.865625,0.26401864051818846,0.7914057970046997,0.8269179111719132,1.9786680603027345,1.9786680603027345,11.1183056640625,162.61,27.865625,0.26401864051818846,0.7914057970046997,0.8269179111719132,1.9786680603027345,1.9786680603027345,11.1183056640625,800,64,100,3200,2048,3200,800.0,"50,100,200,400,800","[50, 100, 200, 400, 800]"
gold_gens_llama31_8b_instruct_bkon_k8_compute_matched_equal_examples_v2,configs/experiments/publication_compute_matched_v2/gold_gens_llama31_8b_instruct_bkon_k8_compute_matched_equal_examples_v2.yaml,llama31_8b_instruct,gold_gens,gold_compute_matched_equal_examples_v2,bkon,8,True,1.518,1,8,configs/experiments/publication_compute_matched_v2/publication_gold_compute_matched_equal_examples_v2_manifest.json,publication_gold_compute_matched_equal_examples_v2,/home/mahmood6/Desktop/projects/mrt/results/runs/gold_gens_llama31_8b_instruct_bkon_k8_compute_matched_equal_examples_v2/summary.json,completed,True,True,hf_gold_labelled_gens,tlc4418/gold_labelled_gens,validation,/scratch/gilbreth/mahmood6/data/mrt/gold_labelled_gens/prompt_pools_publication_800_64_100_seed7.jsonl,4,0.8,0.1,800,64,100,32,bkon,8,1.0,sentence-transformers/all-MiniLM-L6-v2,reward_model,Skywork/Skywork-Reward-V2-Llama-3.1-8B,8,True,64,True,1024,1,1,16,1,0.00012,0.01,0.03,5,50,50,20,True,16,32,0.05,adamw_torch,1,16,"[2, 4, 8, 16]",128,1024,0.8,0.95,2,sentence-transformers/all-MiniLM-L6-v2,Skywork/Skywork-Reward-V2-Llama-3.1-8B,8,True,llama31_8b_instruct,True,gold_gens_llama31_8b_instruct_bkon_k8_compute_matched_equal_examples_v2,7,2026-03-29T03:56:26+00:00,/scratch/gilbreth/mahmood6/runs/mrt/gold_gens_llama31_8b_instruct_bkon_k8_compute_matched_equal_examples_v2/checkpoints,1.7212047576904297,115.091,17.795,17.795,2.0,1.5114333512773737,4.533223841978029,171.71,29.76,3.7069281005859374,3.7069281005859374,3.7069281005859374,170.94,29.835,0.24239368081092835,0.7049481204152107,0.841508610099554,2.7278564453125,2.7278564453125,5.09525390625,170.615,29.585,0.24548701405525208,0.7379736620187759,0.8429073175787926,2.73640380859375,2.73640380859375,8.3453125,170.0025,29.31125,0.2396685963869095,0.7646309044957161,0.8493766009807586,2.609964599609375,2.609964599609375,9.707255859375,172.58625,29.71875,0.23769357025623322,0.783957953453064,0.8490288120508194,2.684014916419983,2.684014916419983,10.87810546875,172.58625,29.71875,0.23769357025623322,0.783957953453064,0.8490288120508194,2.684014916419983,2.684014916419983,10.87810546875,800,64,100,6400,2048,3200,800.0,"50,100,200,400,800","[50, 100, 200, 400, 800]"
gold_gens_llama31_8b_instruct_bkon_k16_compute_matched_equal_examples_v2,configs/experiments/publication_compute_matched_v2/gold_gens_llama31_8b_instruct_bkon_k16_compute_matched_equal_examples_v2.yaml,llama31_8b_instruct,gold_gens,gold_compute_matched_equal_examples_v2,bkon,16,True,1.886,1,2,configs/experiments/publication_compute_matched_v2/publication_gold_compute_matched_equal_examples_v2_manifest.json,publication_gold_compute_matched_equal_examples_v2,/home/mahmood6/Desktop/projects/mrt/results/runs/gold_gens_llama31_8b_instruct_bkon_k16_compute_matched_equal_examples_v2/summary.json,completed,True,True,hf_gold_labelled_gens,tlc4418/gold_labelled_gens,validation,/scratch/gilbreth/mahmood6/data/mrt/gold_labelled_gens/prompt_pools_publication_800_64_100_seed7.jsonl,4,0.8,0.1,800,64,100,32,bkon,16,1.0,sentence-transformers/all-MiniLM-L6-v2,reward_model,Skywork/Skywork-Reward-V2-Llama-3.1-8B,8,True,64,True,1024,1,1,16,1,0.00012,0.01,0.03,5,50,50,20,True,16,32,0.05,adamw_torch,1,16,"[2, 4, 8, 16]",128,1024,0.8,0.95,2,sentence-transformers/all-MiniLM-L6-v2,Skywork/Skywork-Reward-V2-Llama-3.1-8B,8,True,llama31_8b_instruct,True,gold_gens_llama31_8b_instruct_bkon_k16_compute_matched_equal_examples_v2,7,2026-03-28T09:01:12+00:00,/scratch/gilbreth/mahmood6/runs/mrt/gold_gens_llama31_8b_instruct_bkon_k16_compute_matched_equal_examples_v2/checkpoints,1.6911922693252563,151.1435,13.55,13.55,1.0,1.4807327937893568,4.396165983995658,181.23,30.7,2.0317333984375,2.0317333984375,2.0317333984375,180.665,30.43,0.2503566706180573,0.7141967424750328,0.8466128736734391,2.498818359375,2.498818359375,5.83390625,185.235,31.23,0.2524764120578766,0.7584534686803818,0.8465945890545845,2.61921142578125,2.61921142578125,7.7517578125,182.255,30.8975,0.25454720795154573,0.7804494869709014,0.8447024124860764,2.262340087890625,2.262340087890625,9.4165625,179.788125,30.61875,0.24955103278160096,0.7973695686459541,0.8444842958450317,2.137003936767578,2.137003936767578,10.6136474609375,179.788125,30.61875,0.24955103278160096,0.7973695686459541,0.8444842958450317,2.137003936767578,2.137003936767578,10.6136474609375,800,64,100,12800,2048,3200,800.0,"50,100,200,400,800","[50, 100, 200, 400, 800]"
gold_gens_llama31_8b_instruct_dbkon_k2_compute_matched_equal_examples_v2,configs/experiments/publication_compute_matched_v2/gold_gens_llama31_8b_instruct_dbkon_k2_compute_matched_equal_examples_v2.yaml,llama31_8b_instruct,gold_gens,gold_compute_matched_equal_examples_v2,dbkon,2,True,1.391,1,4,configs/experiments/publication_compute_matched_v2/publication_gold_compute_matched_equal_examples_v2_manifest.json,publication_gold_compute_matched_equal_examples_v2,/home/mahmood6/Desktop/projects/mrt/results/runs/gold_gens_llama31_8b_instruct_dbkon_k2_compute_matched_equal_examples_v2/summary.json,completed,True,True,hf_gold_labelled_gens,tlc4418/gold_labelled_gens,validation,/scratch/gilbreth/mahmood6/data/mrt/gold_labelled_gens/prompt_pools_publication_800_64_100_seed7.jsonl,4,0.8,0.1,800,64,100,32,dbkon,2,0.75,sentence-transformers/all-MiniLM-L6-v2,reward_model,Skywork/Skywork-Reward-V2-Llama-3.1-8B,8,True,64,True,1024,1,1,16,1,0.00012,0.01,0.03,5,50,50,20,True,16,32,0.05,adamw_torch,1,16,"[2, 4, 8, 16]",128,1024,0.8,0.95,2,sentence-transformers/all-MiniLM-L6-v2,Skywork/Skywork-Reward-V2-Llama-3.1-8B,8,True,llama31_8b_instruct,True,gold_gens_llama31_8b_instruct_dbkon_k2_compute_matched_equal_examples_v2,7,2026-03-28T15:22:47+00:00,/scratch/gilbreth/mahmood6/runs/mrt/gold_gens_llama31_8b_instruct_dbkon_k2_compute_matched_equal_examples_v2/checkpoints,1.7631700038909912,135.7673,15.085,15.085,8.0,1.5360350831970573,4.646132175231818,195.71,33.3,4.72974609375,4.72974609375,4.72974609375,186.685,31.865,0.2661221396923065,0.6962109720706939,0.8170198446512222,4.09470703125,4.09470703125,6.82955078125,188.8175,32.3525,0.24870936036109925,0.7348251304030419,0.8302799361944199,3.9107373046875,3.9107373046875,8.8675390625,188.17875,32.11125,0.24384289383888244,0.7590716402232647,0.8356095299124717,4.326493988037109,4.326493988037109,10.86046875,188.839375,32.225,0.24695545554161072,0.7773739472031593,0.8352549788355828,4.308800125122071,4.308800125122071,12.067998046875,188.839375,32.225,0.24695545554161072,0.7773739472031593,0.8352549788355828,4.308800125122071,4.308800125122071,12.067998046875,800,64,100,1600,2048,3200,800.0,"50,100,200,400,800","[50, 100, 200, 400, 800]"
gold_gens_llama31_8b_instruct_dbkon_k4_compute_matched_equal_examples_v2,configs/experiments/publication_compute_matched_v2/gold_gens_llama31_8b_instruct_dbkon_k4_compute_matched_equal_examples_v2.yaml,llama31_8b_instruct,gold_gens,gold_compute_matched_equal_examples_v2,dbkon,4,True,1.494,0,3,configs/experiments/publication_compute_matched_v2/publication_gold_compute_matched_equal_examples_v2_manifest.json,publication_gold_compute_matched_equal_examples_v2,/home/mahmood6/Desktop/projects/mrt/results/runs/gold_gens_llama31_8b_instruct_dbkon_k4_compute_matched_equal_examples_v2/summary.json,completed,True,True,hf_gold_labelled_gens,tlc4418/gold_labelled_gens,validation,/scratch/gilbreth/mahmood6/data/mrt/gold_labelled_gens/prompt_pools_publication_800_64_100_seed7.jsonl,4,0.8,0.1,800,64,100,32,dbkon,4,0.75,sentence-transformers/all-MiniLM-L6-v2,reward_model,Skywork/Skywork-Reward-V2-Llama-3.1-8B,8,True,64,True,1024,1,1,16,1,0.00012,0.01,0.03,5,50,50,20,True,16,32,0.05,adamw_torch,1,16,"[2, 4, 8, 16]",128,1024,0.8,0.95,2,sentence-transformers/all-MiniLM-L6-v2,Skywork/Skywork-Reward-V2-Llama-3.1-8B,8,True,llama31_8b_instruct,True,gold_gens_llama31_8b_instruct_dbkon_k4_compute_matched_equal_examples_v2,7,2026-03-28T11:46:55+00:00,/scratch/gilbreth/mahmood6/runs/mrt/gold_gens_llama31_8b_instruct_dbkon_k4_compute_matched_equal_examples_v2/checkpoints,1.7070434093475342,116.3839,17.597,17.597,4.0,1.5030405643116682,4.495336671872036,166.51,29.17,0.7800341796875,0.7800341796875,0.7800341796875,180.05,31.115,0.2982983011007309,0.693044086098671,0.8136410543322563,0.99396484375,0.99396484375,4.3300390625,178.735,30.75,0.2877306741476059,0.7306221625208855,0.8171864199638367,0.8302569580078125,0.8302569580078125,6.7827734375,175.17625,30.04375,0.3063752979040146,0.7646545749902726,0.8136601883172989,0.69957763671875,0.69957763671875,8.6610205078125,176.105625,30.23625,0.30236395239830016,0.78798998773098,0.8170720714330674,0.7057701110839844,0.7057701110839844,10.1376025390625,176.105625,30.23625,0.30236395239830016,0.78798998773098,0.8170720714330674,0.7057701110839844,0.7057701110839844,10.1376025390625,800,64,100,3200,2048,3200,800.0,"50,100,200,400,800","[50, 100, 200, 400, 800]"
gold_gens_llama31_8b_instruct_dbkon_k8_compute_matched_equal_examples_v2,configs/experiments/publication_compute_matched_v2/gold_gens_llama31_8b_instruct_dbkon_k8_compute_matched_equal_examples_v2.yaml,llama31_8b_instruct,gold_gens,gold_compute_matched_equal_examples_v2,dbkon,8,True,1.7,0,8,configs/experiments/publication_compute_matched_v2/publication_gold_compute_matched_equal_examples_v2_manifest.json,publication_gold_compute_matched_equal_examples_v2,/home/mahmood6/Desktop/projects/mrt/results/runs/gold_gens_llama31_8b_instruct_dbkon_k8_compute_matched_equal_examples_v2/summary.json,completed,True,True,hf_gold_labelled_gens,tlc4418/gold_labelled_gens,validation,/scratch/gilbreth/mahmood6/data/mrt/gold_labelled_gens/prompt_pools_publication_800_64_100_seed7.jsonl,4,0.8,0.1,800,64,100,32,dbkon,8,0.75,sentence-transformers/all-MiniLM-L6-v2,reward_model,Skywork/Skywork-Reward-V2-Llama-3.1-8B,8,True,64,True,1024,1,1,16,1,0.00012,0.01,0.03,5,50,50,20,True,16,32,0.05,adamw_torch,1,16,"[2, 4, 8, 16]",128,1024,0.8,0.95,2,sentence-transformers/all-MiniLM-L6-v2,Skywork/Skywork-Reward-V2-Llama-3.1-8B,8,True,llama31_8b_instruct,True,gold_gens_llama31_8b_instruct_dbkon_k8_compute_matched_equal_examples_v2,7,2026-03-29T01:32:44+00:00,/scratch/gilbreth/mahmood6/runs/mrt/gold_gens_llama31_8b_instruct_dbkon_k8_compute_matched_equal_examples_v2/checkpoints,1.6764283180236816,117.6237,17.411,17.411,2.0,1.482169347233139,4.402485849704978,178.71,30.56,1.35197265625,1.35197265625,1.35197265625,180.975,31.32,0.3008075243234634,0.6951639328896999,0.8179212993383408,1.35702392578125,1.35702392578125,4.4703564453125,184.735,31.81,0.30707515716552736,0.7415811863541603,0.8188872662186623,0.790548095703125,0.790548095703125,7.1218310546875,181.86875,31.21375,0.3012064301967621,0.7678445440530777,0.8178871735930443,0.6575058746337891,0.6575058746337891,9.157734375,184.539375,31.700625,0.29356281757354735,0.7964305484294891,0.8227393320202827,0.7461836624145508,0.7461836624145508,10.42941650390625,184.539375,31.700625,0.29356281757354735,0.7964305484294891,0.8227393320202827,0.7461836624145508,0.7461836624145508,10.42941650390625,800,64,100,6400,2048,3200,800.0,"50,100,200,400,800","[50, 100, 200, 400, 800]"
gold_gens_llama31_8b_instruct_dbkon_k16_compute_matched_equal_examples_v2,configs/experiments/publication_compute_matched_v2/gold_gens_llama31_8b_instruct_dbkon_k16_compute_matched_equal_examples_v2.yaml,llama31_8b_instruct,gold_gens,gold_compute_matched_equal_examples_v2,dbkon,16,True,2.112,0,10,configs/experiments/publication_compute_matched_v2/publication_gold_compute_matched_equal_examples_v2_manifest.json,publication_gold_compute_matched_equal_examples_v2,/home/mahmood6/Desktop/projects/mrt/results/runs/gold_gens_llama31_8b_instruct_dbkon_k16_compute_matched_equal_examples_v2/summary.json,completed,True,True,hf_gold_labelled_gens,tlc4418/gold_labelled_gens,validation,/scratch/gilbreth/mahmood6/data/mrt/gold_labelled_gens/prompt_pools_publication_800_64_100_seed7.jsonl,4,0.8,0.1,800,64,100,32,dbkon,16,0.75,sentence-transformers/all-MiniLM-L6-v2,reward_model,Skywork/Skywork-Reward-V2-Llama-3.1-8B,8,True,64,True,1024,1,1,16,1,0.00012,0.01,0.03,5,50,50,20,True,16,32,0.05,adamw_torch,1,16,"[2, 4, 8, 16]",128,1024,0.8,0.95,2,sentence-transformers/all-MiniLM-L6-v2,Skywork/Skywork-Reward-V2-Llama-3.1-8B,8,True,llama31_8b_instruct,True,gold_gens_llama31_8b_instruct_dbkon_k16_compute_matched_equal_examples_v2,7,2026-03-29T07:25:32+00:00,/scratch/gilbreth/mahmood6/runs/mrt/gold_gens_llama31_8b_instruct_dbkon_k16_compute_matched_equal_examples_v2/checkpoints,1.6486363410949707,137.582,14.886,14.886,1.0,1.448273592866026,4.255760993269635,196.85,33.32,-0.953466796875,-0.953466796875,-0.953466796875,188.875,32.18,0.2809064650535584,0.7154330450296402,0.8330899891257286,-0.1340087890625,-0.1340087890625,2.965732421875,194.6,33.3375,0.2879729151725769,0.7520072397589683,0.8328217720985412,-0.28905029296875,-0.28905029296875,5.984306640625,193.05125,33.07875,0.28875291645526885,0.7791338732838631,0.8308457192778588,-0.6870947265625,-0.6870947265625,7.503447265625,190.581875,32.636875,0.29182991445064543,0.8020680606365204,0.8305592766404152,-0.7738482475280761,-0.7738482475280761,8.873095703125,190.581875,32.636875,0.29182991445064543,0.8020680606365204,0.8305592766404152,-0.7738482475280761,-0.7738482475280761,8.873095703125,800,64,100,12800,2048,3200,800.0,"50,100,200,400,800","[50, 100, 200, 400, 800]"
gold_gens_llama31_8b_instruct_dkon_k2_compute_matched_equal_examples_v2,configs/experiments/publication_compute_matched_v2/gold_gens_llama31_8b_instruct_dkon_k2_compute_matched_equal_examples_v2.yaml,llama31_8b_instruct,gold_gens,gold_compute_matched_equal_examples_v2,dkon,2,True,1.341,0,6,configs/experiments/publication_compute_matched_v2/publication_gold_compute_matched_equal_examples_v2_manifest.json,publication_gold_compute_matched_equal_examples_v2,/home/mahmood6/Desktop/projects/mrt/results/runs/gold_gens_llama31_8b_instruct_dkon_k2_compute_matched_equal_examples_v2/summary.json,completed,True,True,hf_gold_labelled_gens,tlc4418/gold_labelled_gens,validation,/scratch/gilbreth/mahmood6/data/mrt/gold_labelled_gens/prompt_pools_publication_800_64_100_seed7.jsonl,4,0.8,0.1,800,64,100,32,dkon,2,0.0,sentence-transformers/all-MiniLM-L6-v2,reward_model,Skywork/Skywork-Reward-V2-Llama-3.1-8B,8,True,64,True,1024,1,1,16,1,0.00012,0.01,0.03,5,50,50,20,True,16,32,0.05,adamw_torch,1,16,"[2, 4, 8, 16]",128,1024,0.8,0.95,2,sentence-transformers/all-MiniLM-L6-v2,Skywork/Skywork-Reward-V2-Llama-3.1-8B,8,True,llama31_8b_instruct,True,gold_gens_llama31_8b_instruct_dkon_k2_compute_matched_equal_examples_v2,7,2026-03-28T20:01:06+00:00,/scratch/gilbreth/mahmood6/runs/mrt/gold_gens_llama31_8b_instruct_dkon_k2_compute_matched_equal_examples_v2/checkpoints,1.7159366607666016,120.5211,16.993,16.993,8.0,1.5055533132934942,4.506646527981178,196.83,33.83,-0.88751953125,-0.88751953125,-0.88751953125,217.02,37.215,0.2759315425157547,0.706618570536375,0.8234550702571869,-2.8402199172973632,-2.8402199172973632,0.7584765625,207.185,35.3975,0.26009433686733247,0.7403401136398315,0.8297442272305489,-2.2851532173156737,-2.2851532173156737,4.109268798828125,205.20375,35.09,0.26457201182842255,0.7724563124775886,0.8348854148387909,-1.8932492160797119,-1.8932492160797119,7.310753173828125,205.256875,35.05875,0.25727562725543973,0.7893680536746979,0.8395988339185715,-1.91859028339386,-1.91859028339386,8.749140625,205.256875,35.05875,0.25727562725543973,0.7893680536746979,0.8395988339185715,-1.91859028339386,-1.91859028339386,8.749140625,800,64,100,1600,2048,3200,800.0,"50,100,200,400,800","[50, 100, 200, 400, 800]"
gold_gens_llama31_8b_instruct_dkon_k4_compute_matched_equal_examples_v2,configs/experiments/publication_compute_matched_v2/gold_gens_llama31_8b_instruct_dkon_k4_compute_matched_equal_examples_v2.yaml,llama31_8b_instruct,gold_gens,gold_compute_matched_equal_examples_v2,dkon,4,True,1.441,1,6,configs/experiments/publication_compute_matched_v2/publication_gold_compute_matched_equal_examples_v2_manifest.json,publication_gold_compute_matched_equal_examples_v2,/home/mahmood6/Desktop/projects/mrt/results/runs/gold_gens_llama31_8b_instruct_dkon_k4_compute_matched_equal_examples_v2/summary.json,completed,True,True,hf_gold_labelled_gens,tlc4418/gold_labelled_gens,validation,/scratch/gilbreth/mahmood6/data/mrt/gold_labelled_gens/prompt_pools_publication_800_64_100_seed7.jsonl,4,0.8,0.1,800,64,100,32,dkon,4,0.0,sentence-transformers/all-MiniLM-L6-v2,reward_model,Skywork/Skywork-Reward-V2-Llama-3.1-8B,8,True,64,True,1024,1,1,16,1,0.00012,0.01,0.03,5,50,50,20,True,16,32,0.05,adamw_torch,1,16,"[2, 4, 8, 16]",128,1024,0.8,0.95,2,sentence-transformers/all-MiniLM-L6-v2,Skywork/Skywork-Reward-V2-Llama-3.1-8B,8,True,llama31_8b_instruct,True,gold_gens_llama31_8b_instruct_dkon_k4_compute_matched_equal_examples_v2,7,2026-03-28T21:51:46+00:00,/scratch/gilbreth/mahmood6/runs/mrt/gold_gens_llama31_8b_instruct_dkon_k4_compute_matched_equal_examples_v2/checkpoints,1.6864330768585205,148.6431,13.778,13.778,4.0,1.4806724207894877,4.3959005822789115,203.76,35.19,-1.03359375,-1.03359375,-1.03359375,205.84,35.515,0.2805833923816681,0.6984797257184983,0.8303596124053001,-2.0878125,-2.0878125,1.89453125,208.8825,35.88,0.2688769382238388,0.7452945971488952,0.8360462740063668,-1.8426248168945312,-1.8426248168945312,5.0198046875,204.38125,34.98125,0.281920565366745,0.7783564767241478,0.831359874010086,-1.6883729553222657,-1.6883729553222657,6.93759765625,202.98875,34.745625,0.28496467471122744,0.7971299800276757,0.8279412651062011,-1.540070571899414,-1.540070571899414,8.701171875,202.98875,34.745625,0.28496467471122744,0.7971299800276757,0.8279412651062011,-1.540070571899414,-1.540070571899414,8.701171875,800,64,100,3200,2048,3200,800.0,"50,100,200,400,800","[50, 100, 200, 400, 800]"
gold_gens_llama31_8b_instruct_dkon_k8_compute_matched_equal_examples_v2,configs/experiments/publication_compute_matched_v2/gold_gens_llama31_8b_instruct_dkon_k8_compute_matched_equal_examples_v2.yaml,llama31_8b_instruct,gold_gens,gold_compute_matched_equal_examples_v2,dkon,8,True,1.639,1,7,configs/experiments/publication_compute_matched_v2/publication_gold_compute_matched_equal_examples_v2_manifest.json,publication_gold_compute_matched_equal_examples_v2,/home/mahmood6/Desktop/projects/mrt/results/runs/gold_gens_llama31_8b_instruct_dkon_k8_compute_matched_equal_examples_v2/summary.json,completed,True,True,hf_gold_labelled_gens,tlc4418/gold_labelled_gens,validation,/scratch/gilbreth/mahmood6/data/mrt/gold_labelled_gens/prompt_pools_publication_800_64_100_seed7.jsonl,4,0.8,0.1,800,64,100,32,dkon,8,0.0,sentence-transformers/all-MiniLM-L6-v2,reward_model,Skywork/Skywork-Reward-V2-Llama-3.1-8B,8,True,64,True,1024,1,1,16,1,0.00012,0.01,0.03,5,50,50,20,True,16,32,0.05,adamw_torch,1,16,"[2, 4, 8, 16]",128,1024,0.8,0.95,2,sentence-transformers/all-MiniLM-L6-v2,Skywork/Skywork-Reward-V2-Llama-3.1-8B,8,True,llama31_8b_instruct,True,gold_gens_llama31_8b_instruct_dkon_k8_compute_matched_equal_examples_v2,7,2026-03-29T01:03:45+00:00,/scratch/gilbreth/mahmood6/runs/mrt/gold_gens_llama31_8b_instruct_dkon_k8_compute_matched_equal_examples_v2/checkpoints,1.657672643661499,147.3658,13.897,13.897,2.0,1.4578659065999091,4.296780006996569,191.84,32.6,-2.5105859375,-2.5105859375,-2.5105859375,199.94,34.185,0.2939565807580948,0.7069748052954674,0.8242809629440307,-1.63580810546875,-1.63580810546875,2.01443359375,193.615,33.025,0.3068889558315277,0.7468190199136734,0.8189115437865258,-2.139761962890625,-2.139761962890625,4.3775,195.32625,33.135,0.3160193121433258,0.7820475754141808,0.8173435127735138,-2.0578468322753904,-2.0578468322753904,6.51708984375,197.53875,33.625625,0.31576098382472995,0.8025792136788368,0.818455585539341,-2.322731628417969,-2.322731628417969,7.914921875,197.53875,33.625625,0.31576098382472995,0.8025792136788368,0.818455585539341,-2.322731628417969,-2.322731628417969,7.914921875,800,64,100,6400,2048,3200,800.0,"50,100,200,400,800","[50, 100, 200, 400, 800]"
gold_gens_llama31_8b_instruct_dkon_k16_compute_matched_equal_examples_v2,configs/experiments/publication_compute_matched_v2/gold_gens_llama31_8b_instruct_dkon_k16_compute_matched_equal_examples_v2.yaml,llama31_8b_instruct,gold_gens,gold_compute_matched_equal_examples_v2,dkon,16,True,2.037,1,3,configs/experiments/publication_compute_matched_v2/publication_gold_compute_matched_equal_examples_v2_manifest.json,publication_gold_compute_matched_equal_examples_v2,/home/mahmood6/Desktop/projects/mrt/results/runs/gold_gens_llama31_8b_instruct_dkon_k16_compute_matched_equal_examples_v2/summary.json,completed,True,True,hf_gold_labelled_gens,tlc4418/gold_labelled_gens,validation,/scratch/gilbreth/mahmood6/data/mrt/gold_labelled_gens/prompt_pools_publication_800_64_100_seed7.jsonl,4,0.8,0.1,800,64,100,32,dkon,16,0.0,sentence-transformers/all-MiniLM-L6-v2,reward_model,Skywork/Skywork-Reward-V2-Llama-3.1-8B,8,True,64,True,1024,1,1,16,1,0.00012,0.01,0.03,5,50,50,20,True,16,32,0.05,adamw_torch,1,16,"[2, 4, 8, 16]",128,1024,0.8,0.95,2,sentence-transformers/all-MiniLM-L6-v2,Skywork/Skywork-Reward-V2-Llama-3.1-8B,8,True,llama31_8b_instruct,True,gold_gens_llama31_8b_instruct_dkon_k16_compute_matched_equal_examples_v2,7,2026-03-28T12:07:32+00:00,/scratch/gilbreth/mahmood6/runs/mrt/gold_gens_llama31_8b_instruct_dkon_k16_compute_matched_equal_examples_v2/checkpoints,1.6406269073486328,135.6795,15.094,15.094,1.0,1.4462797360494732,4.247284068898614,198.97,34.58,-3.62517578125,-3.62517578125,-3.62517578125,195.675,34.43,0.3602613723278046,0.703257132768631,0.8092415863275528,-2.500482177734375,-2.500482177734375,1.38310791015625,194.445,34.0425,0.34257046222686766,0.7379089707136154,0.8077729120850563,-2.8131292724609374,-2.8131292724609374,3.84322509765625,198.78625,34.5175,0.33603473246097565,0.772175752222538,0.8070227950811386,-2.7696893310546873,-2.7696893310546873,6.57216796875,196.835625,34.0975,0.3373402297496796,0.8007519060373306,0.8090497925877571,-2.5077912521362307,-2.5077912521362307,8.34154296875,196.835625,34.0975,0.3373402297496796,0.8007519060373306,0.8090497925877571,-2.5077912521362307,-2.5077912521362307,8.34154296875,800,64,100,12800,2048,3200,800.0,"50,100,200,400,800","[50, 100, 200, 400, 800]"
gold_gens_llama31_8b_instruct_rkon_k1_compute_matched_equal_examples_v2,configs/experiments/publication_compute_matched_v2/gold_gens_llama31_8b_instruct_rkon_k1_compute_matched_equal_examples_v2.yaml,llama31_8b_instruct,gold_gens,gold_compute_matched_equal_examples_v2,rkon,1,True,1.196,0,1,configs/experiments/publication_compute_matched_v2/publication_gold_compute_matched_equal_examples_v2_manifest.json,publication_gold_compute_matched_equal_examples_v2,/home/mahmood6/Desktop/projects/mrt/results/runs/gold_gens_llama31_8b_instruct_rkon_k1_compute_matched_equal_examples_v2/summary.json,completed,True,True,hf_gold_labelled_gens,tlc4418/gold_labelled_gens,validation,/scratch/gilbreth/mahmood6/data/mrt/gold_labelled_gens/prompt_pools_publication_800_64_100_seed7.jsonl,4,0.8,0.1,800,64,100,32,rkon,1,1.0,sentence-transformers/all-MiniLM-L6-v2,reward_model,Skywork/Skywork-Reward-V2-Llama-3.1-8B,8,True,64,True,1024,1,1,16,1,0.00012,0.01,0.03,5,50,50,20,True,16,32,0.05,adamw_torch,1,16,"[2, 4, 8, 16]",128,1024,0.8,0.95,2,sentence-transformers/all-MiniLM-L6-v2,Skywork/Skywork-Reward-V2-Llama-3.1-8B,8,True,llama31_8b_instruct,True,gold_gens_llama31_8b_instruct_rkon_k1_compute_matched_equal_examples_v2,7,2026-03-28T05:47:09+00:00,/scratch/gilbreth/mahmood6/runs/mrt/gold_gens_llama31_8b_instruct_rkon_k1_compute_matched_equal_examples_v2/checkpoints,1.7482309341430664,156.0263,13.126,13.126,16.0,1.5370899207843467,4.651035675829467,160.51,27.7,-1.6011328125,-1.6011328125,-1.6011328125,160.62,27.575,0.29799423933029173,0.6964835438132286,0.8097490221261978,-1.8965185546875,-1.8965185546875,2.283076171875,151.9575,26.245,0.32093201458454135,0.743034964799881,0.8075905573368073,-1.322777099609375,-1.322777099609375,5.2645703125,161.1875,27.77375,0.3286684787273407,0.7748251363635064,0.8016164344549179,-1.45383544921875,-1.45383544921875,7.74615234375,162.636875,28.155625,0.32225376486778257,0.7927598974108696,0.8009947410225868,-1.677613525390625,-1.677613525390625,9.18673828125,162.636875,28.155625,0.32225376486778257,0.7927598974108696,0.8009947410225868,-1.677613525390625,-1.677613525390625,9.18673828125,800,64,100,800,2048,3200,800.0,"50,100,200,400,800","[50, 100, 200, 400, 800]"
gold_gens_llama31_8b_instruct_rkon_k2_compute_matched_equal_examples_v2,configs/experiments/publication_compute_matched_v2/gold_gens_llama31_8b_instruct_rkon_k2_compute_matched_equal_examples_v2.yaml,llama31_8b_instruct,gold_gens,gold_compute_matched_equal_examples_v2,rkon,2,True,1.242,1,5,configs/experiments/publication_compute_matched_v2/publication_gold_compute_matched_equal_examples_v2_manifest.json,publication_gold_compute_matched_equal_examples_v2,/home/mahmood6/Desktop/projects/mrt/results/runs/gold_gens_llama31_8b_instruct_rkon_k2_compute_matched_equal_examples_v2/summary.json,completed,True,True,hf_gold_labelled_gens,tlc4418/gold_labelled_gens,validation,/scratch/gilbreth/mahmood6/data/mrt/gold_labelled_gens/prompt_pools_publication_800_64_100_seed7.jsonl,4,0.8,0.1,800,64,100,32,rkon,2,1.0,sentence-transformers/all-MiniLM-L6-v2,reward_model,Skywork/Skywork-Reward-V2-Llama-3.1-8B,8,True,64,True,1024,1,1,16,1,0.00012,0.01,0.03,5,50,50,20,True,16,32,0.05,adamw_torch,1,16,"[2, 4, 8, 16]",128,1024,0.8,0.95,2,sentence-transformers/all-MiniLM-L6-v2,Skywork/Skywork-Reward-V2-Llama-3.1-8B,8,True,llama31_8b_instruct,True,gold_gens_llama31_8b_instruct_rkon_k2_compute_matched_equal_examples_v2,7,2026-03-28T18:35:05+00:00,/scratch/gilbreth/mahmood6/runs/mrt/gold_gens_llama31_8b_instruct_rkon_k2_compute_matched_equal_examples_v2/checkpoints,1.7330821752548218,156.6823,13.071,13.071,8.0,1.5074795190943404,4.515335622471271,192.0,34.17,-2.36072998046875,-2.36072998046875,-2.36072998046875,209.14,36.36,0.2884714215993881,0.7070756837725639,0.8299928224086761,-1.526959228515625,-1.526959228515625,2.69827392578125,215.2525,37.36,0.28949201583862305,0.7434208956360817,0.8245330932736397,-2.560502777099609,-2.560502777099609,4.781138305664062,215.985,37.5175,0.30245508849620817,0.7769203013181687,0.8238150706887245,-2.365577621459961,-2.365577621459961,7.330286254882813,213.5425,36.92,0.3004964989423752,0.7944556510448456,0.822905415892601,-1.9483295059204102,-1.9483295059204102,9.091382446289062,213.5425,36.92,0.3004964989423752,0.7944556510448456,0.822905415892601,-1.9483295059204102,-1.9483295059204102,9.091382446289062,800,64,100,1600,2048,3200,800.0,"50,100,200,400,800","[50, 100, 200, 400, 800]"
gold_gens_llama31_8b_instruct_rkon_k4_compute_matched_equal_examples_v2,configs/experiments/publication_compute_matched_v2/gold_gens_llama31_8b_instruct_rkon_k4_compute_matched_equal_examples_v2.yaml,llama31_8b_instruct,gold_gens,gold_compute_matched_equal_examples_v2,rkon,4,True,1.334,0,4,configs/experiments/publication_compute_matched_v2/publication_gold_compute_matched_equal_examples_v2_manifest.json,publication_gold_compute_matched_equal_examples_v2,/home/mahmood6/Desktop/projects/mrt/results/runs/gold_gens_llama31_8b_instruct_rkon_k4_compute_matched_equal_examples_v2/summary.json,completed,True,True,hf_gold_labelled_gens,tlc4418/gold_labelled_gens,validation,/scratch/gilbreth/mahmood6/data/mrt/gold_labelled_gens/prompt_pools_publication_800_64_100_seed7.jsonl,4,0.8,0.1,800,64,100,32,rkon,4,1.0,sentence-transformers/all-MiniLM-L6-v2,reward_model,Skywork/Skywork-Reward-V2-Llama-3.1-8B,8,True,64,True,1024,1,1,16,1,0.00012,0.01,0.03,5,50,50,20,True,16,32,0.05,adamw_torch,1,16,"[2, 4, 8, 16]",128,1024,0.8,0.95,2,sentence-transformers/all-MiniLM-L6-v2,Skywork/Skywork-Reward-V2-Llama-3.1-8B,8,True,llama31_8b_instruct,True,gold_gens_llama31_8b_instruct_rkon_k4_compute_matched_equal_examples_v2,7,2026-03-28T14:30:46+00:00,/scratch/gilbreth/mahmood6/runs/mrt/gold_gens_llama31_8b_instruct_rkon_k4_compute_matched_equal_examples_v2/checkpoints,1.6966023445129395,117.8189,17.383,17.383,4.0,1.4826473946031182,4.404590949615448,204.77,35.26,-2.66544921875,-2.66544921875,-2.66544921875,203.91,35.29,0.3152081573009491,0.6998399490118027,0.8141366371512413,-2.864493713378906,-2.864493713378906,0.8377117919921875,197.29,34.0875,0.31909009933471677,0.7406632778048515,0.8150328308343887,-2.850841217041016,-2.850841217041016,4.24715576171875,193.9275,33.52,0.32309529960155486,0.7721937453746796,0.8132206431031227,-2.9793421173095704,-2.9793421173095704,7.1402294921875,195.8975,33.870625,0.3215280658006668,0.7937769365310668,0.8112492910027505,-2.996151924133301,-2.996151924133301,8.45548828125,195.8975,33.870625,0.3215280658006668,0.7937769365310668,0.8112492910027505,-2.996151924133301,-2.996151924133301,8.45548828125,800,64,100,3200,2048,3200,800.0,"50,100,200,400,800","[50, 100, 200, 400, 800]"
gold_gens_llama31_8b_instruct_rkon_k8_compute_matched_equal_examples_v2,configs/experiments/publication_compute_matched_v2/gold_gens_llama31_8b_instruct_rkon_k8_compute_matched_equal_examples_v2.yaml,llama31_8b_instruct,gold_gens,gold_compute_matched_equal_examples_v2,rkon,8,True,1.518,0,9,configs/experiments/publication_compute_matched_v2/publication_gold_compute_matched_equal_examples_v2_manifest.json,publication_gold_compute_matched_equal_examples_v2,/home/mahmood6/Desktop/projects/mrt/results/runs/gold_gens_llama31_8b_instruct_rkon_k8_compute_matched_equal_examples_v2/summary.json,completed,True,True,hf_gold_labelled_gens,tlc4418/gold_labelled_gens,validation,/scratch/gilbreth/mahmood6/data/mrt/gold_labelled_gens/prompt_pools_publication_800_64_100_seed7.jsonl,4,0.8,0.1,800,64,100,32,rkon,8,1.0,sentence-transformers/all-MiniLM-L6-v2,reward_model,Skywork/Skywork-Reward-V2-Llama-3.1-8B,8,True,64,True,1024,1,1,16,1,0.00012,0.01,0.03,5,50,50,20,True,16,32,0.05,adamw_torch,1,16,"[2, 4, 8, 16]",128,1024,0.8,0.95,2,sentence-transformers/all-MiniLM-L6-v2,Skywork/Skywork-Reward-V2-Llama-3.1-8B,8,True,llama31_8b_instruct,True,gold_gens_llama31_8b_instruct_rkon_k8_compute_matched_equal_examples_v2,7,2026-03-29T04:21:01+00:00,/scratch/gilbreth/mahmood6/runs/mrt/gold_gens_llama31_8b_instruct_rkon_k8_compute_matched_equal_examples_v2/checkpoints,1.6619096994400024,121.4835,16.858,16.858,2.0,1.462847437756136,4.318237952811295,219.2,37.39,-2.21970703125,-2.21970703125,-2.21970703125,224.28,38.325,0.3107092541456222,0.6906227472424508,0.8078803676366806,-2.8388763427734376,-2.8388763427734376,0.865836181640625,216.1375,37.0175,0.311341245174408,0.7408545196056366,0.8136594802141189,-2.7698654174804687,-2.7698654174804687,3.802945556640625,213.55625,36.56875,0.31372040569782256,0.778175782263279,0.8151326602697373,-2.6184593200683595,-2.6184593200683595,6.667086181640625,212.5375,36.35625,0.3113653945922852,0.7991215360164642,0.8179139193892478,-2.8558016204833985,-2.8558016204833985,8.075328369140625,212.5375,36.35625,0.3113653945922852,0.7991215360164642,0.8179139193892478,-2.8558016204833985,-2.8558016204833985,8.075328369140625,800,64,100,6400,2048,3200,800.0,"50,100,200,400,800","[50, 100, 200, 400, 800]"
gold_gens_llama31_8b_instruct_rkon_k16_compute_matched_equal_examples_v2,configs/experiments/publication_compute_matched_v2/gold_gens_llama31_8b_instruct_rkon_k16_compute_matched_equal_examples_v2.yaml,llama31_8b_instruct,gold_gens,gold_compute_matched_equal_examples_v2,rkon,16,True,1.886,1,1,configs/experiments/publication_compute_matched_v2/publication_gold_compute_matched_equal_examples_v2_manifest.json,publication_gold_compute_matched_equal_examples_v2,/home/mahmood6/Desktop/projects/mrt/results/runs/gold_gens_llama31_8b_instruct_rkon_k16_compute_matched_equal_examples_v2/summary.json,completed,True,True,hf_gold_labelled_gens,tlc4418/gold_labelled_gens,validation,/scratch/gilbreth/mahmood6/data/mrt/gold_labelled_gens/prompt_pools_publication_800_64_100_seed7.jsonl,4,0.8,0.1,800,64,100,32,rkon,16,1.0,sentence-transformers/all-MiniLM-L6-v2,reward_model,Skywork/Skywork-Reward-V2-Llama-3.1-8B,8,True,64,True,1024,1,1,16,1,0.00012,0.01,0.03,5,50,50,20,True,16,32,0.05,adamw_torch,1,16,"[2, 4, 8, 16]",128,1024,0.8,0.95,2,sentence-transformers/all-MiniLM-L6-v2,Skywork/Skywork-Reward-V2-Llama-3.1-8B,8,True,llama31_8b_instruct,True,gold_gens_llama31_8b_instruct_rkon_k16_compute_matched_equal_examples_v2,7,2026-03-28T05:48:34+00:00,/scratch/gilbreth/mahmood6/runs/mrt/gold_gens_llama31_8b_instruct_rkon_k16_compute_matched_equal_examples_v2/checkpoints,1.6425344944000244,147.2967,13.904,13.904,1.0,1.4421366906561888,4.229723779858567,180.46,30.81,-1.8616845703125,-1.8616845703125,-1.8616845703125,187.55,32.54,0.29136237382888797,0.7200777447223663,0.8409943389892578,-2.2304296875,-2.2304296875,1.356513671875,190.9325,32.915,0.29668558239936826,0.7622263166308403,0.8405116844177246,-2.223634033203125,-2.223634033203125,4.208837890625,189.79375,32.90125,0.29754519104957583,0.7851638603210449,0.8340383023023605,-2.148312530517578,-2.148312530517578,6.099892578125,190.638125,32.985,0.29159422755241393,0.803951815366745,0.8355272799730301,-2.2129549407958984,-2.2129549407958984,7.625234375,190.638125,32.985,0.29159422755241393,0.803951815366745,0.8355272799730301,-2.2129549407958984,-2.2129549407958984,7.625234375,800,64,100,12800,2048,3200,800.0,"50,100,200,400,800","[50, 100, 200, 400, 800]"
gold_gens_llama31_8b_instruct_bkon_k1_compute_matched50_publication,configs/experiments/publication_suite/gold_gens_llama31_8b_instruct_bkon_k1_compute_matched50_publication.yaml,llama31_8b_instruct,gold_gens,gold_compute_matched,bkon,1,True,0.65,1,10,configs/experiments/publication_suite/publication_suite_v1_manifest.json,publication_suite_v1,/home/mahmood6/Desktop/projects/mrt/results/runs/gold_gens_llama31_8b_instruct_bkon_k1_compute_matched50_publication/summary.json,completed,True,True,hf_gold_labelled_gens,tlc4418/gold_labelled_gens,validation,/scratch/gilbreth/mahmood6/data/mrt/gold_labelled_gens/prompt_pools_publication_800_64_100_seed7.jsonl,4,0.8,0.1,800,64,100,32,bkon,1,1.0,sentence-transformers/all-MiniLM-L6-v2,reward_model,Skywork/Skywork-Reward-V2-Llama-3.1-8B,8,True,64,True,1024,1,1,16,1,0.00012,0.01,0.03,5,25,25,4,True,16,32,0.05,adamw_torch,1,16,"[2, 4, 8, 16]",128,1024,0.8,0.95,2,sentence-transformers/all-MiniLM-L6-v2,Skywork/Skywork-Reward-V2-Llama-3.1-8B,8,True,llama31_8b_instruct,True,gold_gens_llama31_8b_instruct_bkon_k1_compute_matched50_publication,7,2026-03-27T07:16:38+00:00,/scratch/gilbreth/mahmood6/runs/mrt/gold_gens_llama31_8b_instruct_bkon_k1_compute_matched50_publication/checkpoints,1.8392057418823242,121.3422,16.878,16.878,1.0,1.6032038498483598,4.968926644328276,162.17,28.15,3.957275390625,3.957275390625,3.957275390625,176.955,30.42,0.2277156865596771,0.686490330696106,0.8240868440270424,4.2886895751953125,4.2886895751953125,7.1707421875,174.185,29.8775,0.2546174705028534,0.7315055531263351,0.8302379649877548,4.540966644287109,4.540966644287109,9.73931640625,176.9425,30.32375,0.24983701407909392,0.7564228981733322,0.8265542814135551,4.601896209716797,4.601896209716797,11.43146484375,175.988125,30.14375,0.2536268216371536,0.7790050292015076,0.8242450946569443,4.663688659667969,4.663688659667969,12.791046142578125,175.988125,30.14375,0.2536268216371536,0.7790050292015076,0.8242450946569443,4.663688659667969,4.663688659667969,12.791046142578125,800,64,100,800,2048,3200,50.0,,
gold_gens_llama31_8b_instruct_bkon_k2_compute_matched50_publication,configs/experiments/publication_suite/gold_gens_llama31_8b_instruct_bkon_k2_compute_matched50_publication.yaml,llama31_8b_instruct,gold_gens,gold_compute_matched,bkon,2,True,0.675,1,14,configs/experiments/publication_suite/publication_suite_v1_manifest.json,publication_suite_v1,/home/mahmood6/Desktop/projects/mrt/results/runs/gold_gens_llama31_8b_instruct_bkon_k2_compute_matched50_publication/summary.json,completed,True,True,hf_gold_labelled_gens,tlc4418/gold_labelled_gens,validation,/scratch/gilbreth/mahmood6/data/mrt/gold_labelled_gens/prompt_pools_publication_800_64_100_seed7.jsonl,4,0.8,0.1,800,64,100,32,bkon,2,1.0,sentence-transformers/all-MiniLM-L6-v2,reward_model,Skywork/Skywork-Reward-V2-Llama-3.1-8B,8,True,64,True,1024,1,1,16,1,0.00012,0.01,0.03,5,25,25,4,True,16,32,0.05,adamw_torch,1,16,"[2, 4, 8, 16]",128,1024,0.8,0.95,2,sentence-transformers/all-MiniLM-L6-v2,Skywork/Skywork-Reward-V2-Llama-3.1-8B,8,True,llama31_8b_instruct,True,gold_gens_llama31_8b_instruct_bkon_k2_compute_matched50_publication,7,2026-03-27T10:31:02+00:00,/scratch/gilbreth/mahmood6/runs/mrt/gold_gens_llama31_8b_instruct_bkon_k2_compute_matched50_publication/checkpoints,1.8367774486541748,117.3066,17.459,17.459,0.5,1.5983955579064786,4.945091942407998,173.91,29.99,2.619326171875,2.619326171875,2.619326171875,176.61,30.55,0.2506136530637741,0.7024080941081047,0.8234239214658737,4.301597900390625,4.301597900390625,7.5599462890625,176.1825,30.38,0.256525821685791,0.7338718351721764,0.8227965605258941,3.8544635009765624,3.8544635009765624,10.0733984375,181.01875,31.16625,0.2570056140422821,0.7546406190097332,0.8226062622666359,3.6426565551757815,3.6426565551757815,11.228359375,180.08375,31.079375,0.2533875894546509,0.7744185975193978,0.8240061426162719,3.358595123291016,3.358595123291016,12.2696484375,180.08375,31.079375,0.2533875894546509,0.7744185975193978,0.8240061426162719,3.358595123291016,3.358595123291016,12.2696484375,800,64,100,1600,2048,3200,50.0,,
gold_gens_llama31_8b_instruct_bkon_k4_compute_matched50_publication,configs/experiments/publication_suite/gold_gens_llama31_8b_instruct_bkon_k4_compute_matched50_publication.yaml,llama31_8b_instruct,gold_gens,gold_compute_matched,bkon,4,True,0.725,0,16,configs/experiments/publication_suite/publication_suite_v1_manifest.json,publication_suite_v1,/home/mahmood6/Desktop/projects/mrt/results/runs/gold_gens_llama31_8b_instruct_bkon_k4_compute_matched50_publication/summary.json,completed,True,True,hf_gold_labelled_gens,tlc4418/gold_labelled_gens,validation,/scratch/gilbreth/mahmood6/data/mrt/gold_labelled_gens/prompt_pools_publication_800_64_100_seed7.jsonl,4,0.8,0.1,800,64,100,32,bkon,4,1.0,sentence-transformers/all-MiniLM-L6-v2,reward_model,Skywork/Skywork-Reward-V2-Llama-3.1-8B,8,True,64,True,1024,1,1,16,1,0.00012,0.01,0.03,5,25,25,4,True,16,32,0.05,adamw_torch,1,16,"[2, 4, 8, 16]",128,1024,0.8,0.95,2,sentence-transformers/all-MiniLM-L6-v2,Skywork/Skywork-Reward-V2-Llama-3.1-8B,8,True,llama31_8b_instruct,True,gold_gens_llama31_8b_instruct_bkon_k4_compute_matched50_publication,7,2026-03-27T12:35:11+00:00,/scratch/gilbreth/mahmood6/runs/mrt/gold_gens_llama31_8b_instruct_bkon_k4_compute_matched50_publication/checkpoints,1.8332710266113281,123.4865,16.585,16.585,0.25,1.5920180671941488,4.913655015379916,183.49,31.39,3.586455078125,3.586455078125,3.586455078125,179.635,30.985,0.2582863628864288,0.7050500226020813,0.8385309171676636,2.078410949707031,2.078410949707031,5.413594360351563,180.3225,31.085,0.25876786828041076,0.732517808675766,0.8343913227319717,2.3704283142089846,2.3704283142089846,8.204474487304687,178.64,30.77875,0.2593679076433182,0.7610667032003403,0.8344543263316154,2.4077257537841796,2.4077257537841796,10.22451171875,178.838125,30.806875,0.26148773670196535,0.786593017578125,0.832339029610157,2.7026987075805664,2.7026987075805664,12.03685546875,178.838125,30.806875,0.26148773670196535,0.786593017578125,0.832339029610157,2.7026987075805664,2.7026987075805664,12.03685546875,800,64,100,3200,2048,3200,50.0,,
gold_gens_llama31_8b_instruct_bkon_k8_compute_matched50_publication,configs/experiments/publication_suite/gold_gens_llama31_8b_instruct_bkon_k8_compute_matched50_publication.yaml,llama31_8b_instruct,gold_gens,gold_compute_matched,bkon,8,True,0.825,0,18,configs/experiments/publication_suite/publication_suite_v1_manifest.json,publication_suite_v1,/home/mahmood6/Desktop/projects/mrt/results/runs/gold_gens_llama31_8b_instruct_bkon_k8_compute_matched50_publication/summary.json,completed,True,True,hf_gold_labelled_gens,tlc4418/gold_labelled_gens,validation,/scratch/gilbreth/mahmood6/data/mrt/gold_labelled_gens/prompt_pools_publication_800_64_100_seed7.jsonl,4,0.8,0.1,800,64,100,32,bkon,8,1.0,sentence-transformers/all-MiniLM-L6-v2,reward_model,Skywork/Skywork-Reward-V2-Llama-3.1-8B,8,True,64,True,1024,1,1,16,1,0.00012,0.01,0.03,5,25,25,4,True,16,32,0.05,adamw_torch,1,16,"[2, 4, 8, 16]",128,1024,0.8,0.95,2,sentence-transformers/all-MiniLM-L6-v2,Skywork/Skywork-Reward-V2-Llama-3.1-8B,8,True,llama31_8b_instruct,True,gold_gens_llama31_8b_instruct_bkon_k8_compute_matched50_publication,7,2026-03-27T14:18:11+00:00,/scratch/gilbreth/mahmood6/runs/mrt/gold_gens_llama31_8b_instruct_bkon_k8_compute_matched50_publication/checkpoints,1.8235740661621094,120.6526,16.974,16.974,0.125,1.5916021777689457,4.9116119031037675,211.11,36.12,4.0840771484375,4.0840771484375,4.0840771484375,208.605,35.95,0.25628916203975677,0.7176307943463326,0.8387480506300926,3.09376220703125,3.09376220703125,6.511162109375,206.385,35.57,0.27660776138305665,0.7465469950437545,0.8263948050141334,3.104423828125,3.104423828125,9.5169140625,205.77875,35.44875,0.26444357335567475,0.7672972494363784,0.8248603102564812,3.4290303802490234,3.4290303802490234,11.098515625,203.89875,35.033125,0.26607152700424197,0.786825206875801,0.8244928941130638,3.3600471115112303,3.3600471115112303,12.351015625,203.89875,35.033125,0.26607152700424197,0.786825206875801,0.8244928941130638,3.3600471115112303,3.3600471115112303,12.351015625,800,64,100,6400,2048,3200,50.0,,
gold_gens_llama31_8b_instruct_bkon_k16_compute_matched50_publication,configs/experiments/publication_suite/gold_gens_llama31_8b_instruct_bkon_k16_compute_matched50_publication.yaml,llama31_8b_instruct,gold_gens,gold_compute_matched,bkon,16,True,1.025,1,11,configs/experiments/publication_suite/publication_suite_v1_manifest.json,publication_suite_v1,/home/mahmood6/Desktop/projects/mrt/results/runs/gold_gens_llama31_8b_instruct_bkon_k16_compute_matched50_publication/summary.json,completed,True,True,hf_gold_labelled_gens,tlc4418/gold_labelled_gens,validation,/scratch/gilbreth/mahmood6/data/mrt/gold_labelled_gens/prompt_pools_publication_800_64_100_seed7.jsonl,4,0.8,0.1,800,64,100,32,bkon,16,1.0,sentence-transformers/all-MiniLM-L6-v2,reward_model,Skywork/Skywork-Reward-V2-Llama-3.1-8B,8,True,64,True,1024,1,1,16,1,0.00012,0.01,0.03,5,25,25,4,True,16,32,0.05,adamw_torch,1,16,"[2, 4, 8, 16]",128,1024,0.8,0.95,2,sentence-transformers/all-MiniLM-L6-v2,Skywork/Skywork-Reward-V2-Llama-3.1-8B,8,True,llama31_8b_instruct,True,gold_gens_llama31_8b_instruct_bkon_k16_compute_matched50_publication,7,2026-03-27T08:05:26+00:00,/scratch/gilbreth/mahmood6/runs/mrt/gold_gens_llama31_8b_instruct_bkon_k16_compute_matched50_publication/checkpoints,1.8080544471740723,120.0809,17.055,17.055,0.0625,1.5673044810723513,4.793709229036837,183.0,31.25,1.9989453125,1.9989453125,1.9989453125,194.815,33.61,0.2908612549304962,0.7043469318747521,0.8264451709389686,1.05204833984375,1.05204833984375,4.54431640625,195.045,33.5975,0.2810958170890808,0.7468430572748184,0.8315161895751954,1.0818643188476562,1.0818643188476562,7.19655029296875,194.11625,33.49,0.2789792156219482,0.7689980933070183,0.8292395448684693,1.699485092163086,1.699485092163086,9.55974609375,193.20875,33.21625,0.27296367347240447,0.789345054924488,0.8293560627102852,1.9227892684936523,1.9227892684936523,11.2351171875,193.20875,33.21625,0.27296367347240447,0.789345054924488,0.8293560627102852,1.9227892684936523,1.9227892684936523,11.2351171875,800,64,100,12800,2048,3200,50.0,,
gold_gens_llama31_8b_instruct_dbkon_k2_compute_matched50_publication,configs/experiments/publication_suite/gold_gens_llama31_8b_instruct_dbkon_k2_compute_matched50_publication.yaml,llama31_8b_instruct,gold_gens,gold_compute_matched,dbkon,2,True,0.756,0,13,configs/experiments/publication_suite/publication_suite_v1_manifest.json,publication_suite_v1,/home/mahmood6/Desktop/projects/mrt/results/runs/gold_gens_llama31_8b_instruct_dbkon_k2_compute_matched50_publication/summary.json,completed,True,True,hf_gold_labelled_gens,tlc4418/gold_labelled_gens,validation,/scratch/gilbreth/mahmood6/data/mrt/gold_labelled_gens/prompt_pools_publication_800_64_100_seed7.jsonl,4,0.8,0.1,800,64,100,32,dbkon,2,0.75,sentence-transformers/all-MiniLM-L6-v2,reward_model,Skywork/Skywork-Reward-V2-Llama-3.1-8B,8,True,64,True,1024,1,1,16,1,0.00012,0.01,0.03,5,25,25,4,True,16,32,0.05,adamw_torch,1,16,"[2, 4, 8, 16]",128,1024,0.8,0.95,2,sentence-transformers/all-MiniLM-L6-v2,Skywork/Skywork-Reward-V2-Llama-3.1-8B,8,True,llama31_8b_instruct,True,gold_gens_llama31_8b_instruct_dbkon_k2_compute_matched50_publication,7,2026-03-27T10:05:04+00:00,/scratch/gilbreth/mahmood6/runs/mrt/gold_gens_llama31_8b_instruct_dbkon_k2_compute_matched50_publication/checkpoints,1.8224343061447144,119.317,17.164,17.164,0.5,1.5867097337031737,4.887640803042528,184.3,31.68,3.6196484375,3.6196484375,3.6196484375,175.68,30.38,0.26842564523220064,0.689168359041214,0.814141603410244,3.119647216796875,3.119647216796875,6.50146240234375,175.6825,30.34,0.2683473777770996,0.7203649970889091,0.8124749878048897,3.3805072021484377,3.3805072021484377,9.10828125,171.34625,29.61625,0.26226220905780795,0.7513750106096267,0.8201357769966126,3.524051513671875,3.524051513671875,11.228125,175.57625,30.40625,0.262092102766037,0.7746201917529106,0.8198734763264656,3.4669544219970705,3.4669544219970705,12.3178515625,175.57625,30.40625,0.262092102766037,0.7746201917529106,0.8198734763264656,3.4669544219970705,3.4669544219970705,12.3178515625,800,64,100,1600,2048,3200,50.0,,
gold_gens_llama31_8b_instruct_dbkon_k4_compute_matched50_publication,configs/experiments/publication_suite/gold_gens_llama31_8b_instruct_dbkon_k4_compute_matched50_publication.yaml,llama31_8b_instruct,gold_gens,gold_compute_matched,dbkon,4,True,0.812,0,12,configs/experiments/publication_suite/publication_suite_v1_manifest.json,publication_suite_v1,/home/mahmood6/Desktop/projects/mrt/results/runs/gold_gens_llama31_8b_instruct_dbkon_k4_compute_matched50_publication/summary.json,completed,True,True,hf_gold_labelled_gens,tlc4418/gold_labelled_gens,validation,/scratch/gilbreth/mahmood6/data/mrt/gold_labelled_gens/prompt_pools_publication_800_64_100_seed7.jsonl,4,0.8,0.1,800,64,100,32,dbkon,4,0.75,sentence-transformers/all-MiniLM-L6-v2,reward_model,Skywork/Skywork-Reward-V2-Llama-3.1-8B,8,True,64,True,1024,1,1,16,1,0.00012,0.01,0.03,5,25,25,4,True,16,32,0.05,adamw_torch,1,16,"[2, 4, 8, 16]",128,1024,0.8,0.95,2,sentence-transformers/all-MiniLM-L6-v2,Skywork/Skywork-Reward-V2-Llama-3.1-8B,8,True,llama31_8b_instruct,True,gold_gens_llama31_8b_instruct_dbkon_k4_compute_matched50_publication,7,2026-03-27T09:15:42+00:00,/scratch/gilbreth/mahmood6/runs/mrt/gold_gens_llama31_8b_instruct_dbkon_k4_compute_matched50_publication/checkpoints,1.8000049591064453,120.6546,16.974,16.974,0.25,1.5765424900082872,4.838198738577191,177.95,30.76,3.37034912109375,3.37034912109375,3.37034912109375,190.77,33.26,0.3019196528196335,0.693616949915886,0.813434898853302,3.0500146484375,3.0500146484375,6.961796875,191.8375,33.41,0.28300512075424195,0.7368317368626595,0.8197561731934547,2.53891357421875,2.53891357421875,9.02619140625,191.22125,33.03,0.2795558702945709,0.7640034933388233,0.8184562018513679,2.134466552734375,2.134466552734375,10.2453515625,192.19625,33.18125,0.2695422875881195,0.7797027018666267,0.823301329612732,2.2382281494140623,2.2382281494140623,11.3448046875,192.19625,33.18125,0.2695422875881195,0.7797027018666267,0.823301329612732,2.2382281494140623,2.2382281494140623,11.3448046875,800,64,100,3200,2048,3200,50.0,,
gold_gens_llama31_8b_instruct_dbkon_k8_compute_matched50_publication,configs/experiments/publication_suite/gold_gens_llama31_8b_instruct_dbkon_k8_compute_matched50_publication.yaml,llama31_8b_instruct,gold_gens,gold_compute_matched,dbkon,8,True,0.924,1,16,configs/experiments/publication_suite/publication_suite_v1_manifest.json,publication_suite_v1,/home/mahmood6/Desktop/projects/mrt/results/runs/gold_gens_llama31_8b_instruct_dbkon_k8_compute_matched50_publication/summary.json,completed,True,True,hf_gold_labelled_gens,tlc4418/gold_labelled_gens,validation,/scratch/gilbreth/mahmood6/data/mrt/gold_labelled_gens/prompt_pools_publication_800_64_100_seed7.jsonl,4,0.8,0.1,800,64,100,32,dbkon,8,0.75,sentence-transformers/all-MiniLM-L6-v2,reward_model,Skywork/Skywork-Reward-V2-Llama-3.1-8B,8,True,64,True,1024,1,1,16,1,0.00012,0.01,0.03,5,25,25,4,True,16,32,0.05,adamw_torch,1,16,"[2, 4, 8, 16]",128,1024,0.8,0.95,2,sentence-transformers/all-MiniLM-L6-v2,Skywork/Skywork-Reward-V2-Llama-3.1-8B,8,True,llama31_8b_instruct,True,gold_gens_llama31_8b_instruct_dbkon_k8_compute_matched50_publication,7,2026-03-27T12:08:42+00:00,/scratch/gilbreth/mahmood6/runs/mrt/gold_gens_llama31_8b_instruct_dbkon_k8_compute_matched50_publication/checkpoints,1.7961875200271606,122.3388,16.74,16.74,0.125,1.5653055487526581,4.784136499534403,177.13,31.22,0.869677734375,0.869677734375,0.869677734375,183.045,31.895,0.2777827602624893,0.6871482354402542,0.8044754698872566,1.1990283203125,1.1990283203125,4.50908203125,187.42,32.5225,0.289310302734375,0.7322645059227944,0.8063911736011505,1.1471826171875,1.1471826171875,7.233525390625,189.465,32.78375,0.2909292656183243,0.7639546352624893,0.813491876423359,0.8311135864257813,0.8311135864257813,9.4604296875,188.613125,32.76125,0.28773969173431396,0.7853504788875579,0.8168697595596314,0.756546630859375,0.756546630859375,10.4774609375,188.613125,32.76125,0.28773969173431396,0.7853504788875579,0.8168697595596314,0.756546630859375,0.756546630859375,10.4774609375,800,64,100,6400,2048,3200,50.0,,
gold_gens_llama31_8b_instruct_dbkon_k16_compute_matched50_publication,configs/experiments/publication_suite/gold_gens_llama31_8b_instruct_dbkon_k16_compute_matched50_publication.yaml,llama31_8b_instruct,gold_gens,gold_compute_matched,dbkon,16,True,1.148,1,18,configs/experiments/publication_suite/publication_suite_v1_manifest.json,publication_suite_v1,/home/mahmood6/Desktop/projects/mrt/results/runs/gold_gens_llama31_8b_instruct_dbkon_k16_compute_matched50_publication/summary.json,completed,True,True,hf_gold_labelled_gens,tlc4418/gold_labelled_gens,validation,/scratch/gilbreth/mahmood6/data/mrt/gold_labelled_gens/prompt_pools_publication_800_64_100_seed7.jsonl,4,0.8,0.1,800,64,100,32,dbkon,16,0.75,sentence-transformers/all-MiniLM-L6-v2,reward_model,Skywork/Skywork-Reward-V2-Llama-3.1-8B,8,True,64,True,1024,1,1,16,1,0.00012,0.01,0.03,5,25,25,4,True,16,32,0.05,adamw_torch,1,16,"[2, 4, 8, 16]",128,1024,0.8,0.95,2,sentence-transformers/all-MiniLM-L6-v2,Skywork/Skywork-Reward-V2-Llama-3.1-8B,8,True,llama31_8b_instruct,True,gold_gens_llama31_8b_instruct_dbkon_k16_compute_matched50_publication,7,2026-03-27T13:50:29+00:00,/scratch/gilbreth/mahmood6/runs/mrt/gold_gens_llama31_8b_instruct_dbkon_k16_compute_matched50_publication/checkpoints,1.801837682723999,120.4706,17.0,17.0,0.0625,1.5676839342201128,4.795528562247275,201.24,34.78,0.9685546875,0.9685546875,0.9685546875,176.14,30.575,0.28451542735099794,0.6912587456405163,0.8128771397471428,0.7821887588500976,0.7821887588500976,4.64739501953125,181.6925,31.5575,0.2908174556493759,0.725817958265543,0.8136586758494377,1.2154742622375487,1.2154742622375487,7.94460205078125,179.94125,31.31625,0.2967846089601517,0.7536263531446457,0.8107961067557334,1.014007396697998,1.014007396697998,9.91216796875,183.478125,31.960625,0.29312141716480256,0.7869312587380409,0.814372051358223,0.7852622127532959,0.7852622127532959,11.02736328125,183.478125,31.960625,0.29312141716480256,0.7869312587380409,0.814372051358223,0.7852622127532959,0.7852622127532959,11.02736328125,800,64,100,12800,2048,3200,50.0,,
gold_gens_llama31_8b_instruct_dkon_k2_compute_matched50_publication,configs/experiments/publication_suite/gold_gens_llama31_8b_instruct_dkon_k2_compute_matched50_publication.yaml,llama31_8b_instruct,gold_gens,gold_compute_matched,dkon,2,True,0.729,1,13,configs/experiments/publication_suite/publication_suite_v1_manifest.json,publication_suite_v1,/home/mahmood6/Desktop/projects/mrt/results/runs/gold_gens_llama31_8b_instruct_dkon_k2_compute_matched50_publication/summary.json,completed,True,True,hf_gold_labelled_gens,tlc4418/gold_labelled_gens,validation,/scratch/gilbreth/mahmood6/data/mrt/gold_labelled_gens/prompt_pools_publication_800_64_100_seed7.jsonl,4,0.8,0.1,800,64,100,32,dkon,2,0.0,sentence-transformers/all-MiniLM-L6-v2,reward_model,Skywork/Skywork-Reward-V2-Llama-3.1-8B,8,True,64,True,1024,1,1,16,1,0.00012,0.01,0.03,5,25,25,4,True,16,32,0.05,adamw_torch,1,16,"[2, 4, 8, 16]",128,1024,0.8,0.95,2,sentence-transformers/all-MiniLM-L6-v2,Skywork/Skywork-Reward-V2-Llama-3.1-8B,8,True,llama31_8b_instruct,True,gold_gens_llama31_8b_instruct_dkon_k2_compute_matched50_publication,7,2026-03-27T09:44:51+00:00,/scratch/gilbreth/mahmood6/runs/mrt/gold_gens_llama31_8b_instruct_dkon_k2_compute_matched50_publication/checkpoints,1.772274136543274,121.9531,16.793,16.793,0.5,1.5567047445452773,4.743165522441312,167.78,28.93,-0.955234375,-0.955234375,-0.955234375,183.0,31.825,0.2771721518039703,0.7142390295863151,0.8464050871133805,-1.79508056640625,-1.79508056640625,1.83845703125,179.6225,31.07,0.2569194853305817,0.7491521880030632,0.8470918408036232,-1.725316162109375,-1.725316162109375,4.9456298828125,179.2975,30.89,0.26767121374607084,0.7710327109694481,0.8368953800201416,-1.5473626708984376,-1.5473626708984376,7.6838134765625,175.498125,30.09,0.27383778750896454,0.7918585994839669,0.8315553364157676,-1.2828333532810212,-1.2828333532810212,9.3987353515625,175.498125,30.09,0.27383778750896454,0.7918585994839669,0.8315553364157676,-1.2828333532810212,-1.2828333532810212,9.3987353515625,800,64,100,1600,2048,3200,50.0,,
gold_gens_llama31_8b_instruct_dkon_k4_compute_matched50_publication,configs/experiments/publication_suite/gold_gens_llama31_8b_instruct_dkon_k4_compute_matched50_publication.yaml,llama31_8b_instruct,gold_gens,gold_compute_matched,dkon,4,True,0.783,0,15,configs/experiments/publication_suite/publication_suite_v1_manifest.json,publication_suite_v1,/home/mahmood6/Desktop/projects/mrt/results/runs/gold_gens_llama31_8b_instruct_dkon_k4_compute_matched50_publication/summary.json,completed,True,True,hf_gold_labelled_gens,tlc4418/gold_labelled_gens,validation,/scratch/gilbreth/mahmood6/data/mrt/gold_labelled_gens/prompt_pools_publication_800_64_100_seed7.jsonl,4,0.8,0.1,800,64,100,32,dkon,4,0.0,sentence-transformers/all-MiniLM-L6-v2,reward_model,Skywork/Skywork-Reward-V2-Llama-3.1-8B,8,True,64,True,1024,1,1,16,1,0.00012,0.01,0.03,5,25,25,4,True,16,32,0.05,adamw_torch,1,16,"[2, 4, 8, 16]",128,1024,0.8,0.95,2,sentence-transformers/all-MiniLM-L6-v2,Skywork/Skywork-Reward-V2-Llama-3.1-8B,8,True,llama31_8b_instruct,True,gold_gens_llama31_8b_instruct_dkon_k4_compute_matched50_publication,7,2026-03-27T11:44:45+00:00,/scratch/gilbreth/mahmood6/runs/mrt/gold_gens_llama31_8b_instruct_dkon_k4_compute_matched50_publication/checkpoints,1.7887765169143677,118.3305,17.307,17.307,0.25,1.5616760867461563,4.766804130489486,185.64,31.58,0.3180145263671875,0.3180145263671875,0.3180145263671875,200.07,34.01,0.25876793384552,0.6989626631140708,0.8244827744364739,-1.1539990234375,-1.1539990234375,2.422822265625,187.51,32.115,0.27792433857917787,0.7367539338767528,0.8198394683003426,-1.0418154907226562,-1.0418154907226562,5.564765625,186.785,32.01125,0.28354993999004363,0.7666251811385155,0.8233807078003883,-0.9048208618164062,-0.9048208618164062,8.104765625,185.4475,31.785625,0.277456316947937,0.7870258954167366,0.8285571414232255,-0.7671422576904297,-0.7671422576904297,9.8623828125,185.4475,31.785625,0.277456316947937,0.7870258954167366,0.8285571414232255,-0.7671422576904297,-0.7671422576904297,9.8623828125,800,64,100,3200,2048,3200,50.0,,
gold_gens_llama31_8b_instruct_dkon_k8_compute_matched50_publication,configs/experiments/publication_suite/gold_gens_llama31_8b_instruct_dkon_k8_compute_matched50_publication.yaml,llama31_8b_instruct,gold_gens,gold_compute_matched,dkon,8,True,0.891,0,17,configs/experiments/publication_suite/publication_suite_v1_manifest.json,publication_suite_v1,/home/mahmood6/Desktop/projects/mrt/results/runs/gold_gens_llama31_8b_instruct_dkon_k8_compute_matched50_publication/summary.json,completed,True,True,hf_gold_labelled_gens,tlc4418/gold_labelled_gens,validation,/scratch/gilbreth/mahmood6/data/mrt/gold_labelled_gens/prompt_pools_publication_800_64_100_seed7.jsonl,4,0.8,0.1,800,64,100,32,dkon,8,0.0,sentence-transformers/all-MiniLM-L6-v2,reward_model,Skywork/Skywork-Reward-V2-Llama-3.1-8B,8,True,64,True,1024,1,1,16,1,0.00012,0.01,0.03,5,25,25,4,True,16,32,0.05,adamw_torch,1,16,"[2, 4, 8, 16]",128,1024,0.8,0.95,2,sentence-transformers/all-MiniLM-L6-v2,Skywork/Skywork-Reward-V2-Llama-3.1-8B,8,True,llama31_8b_instruct,True,gold_gens_llama31_8b_instruct_dkon_k8_compute_matched50_publication,7,2026-03-27T13:25:12+00:00,/scratch/gilbreth/mahmood6/runs/mrt/gold_gens_llama31_8b_instruct_dkon_k8_compute_matched50_publication/checkpoints,1.7691690921783447,120.2941,17.025,17.025,0.125,1.5549314202554525,4.734761805269849,182.4,31.23,-1.2811328125,-1.2811328125,-1.2811328125,187.185,32.565,0.32727663218975067,0.6867335733771324,0.8008743724226952,-0.9199822998046875,-0.9199822998046875,3.216185302734375,189.8125,33.2275,0.3187578970193863,0.7337491896748543,0.8069402220845222,-1.5544686889648438,-1.5544686889648438,5.472200927734375,186.72125,32.565,0.307196581363678,0.7611115556955338,0.8132768440246582,-1.180506134033203,-1.180506134033203,8.468988037109375,187.72125,32.51625,0.3111692678928375,0.7855835914611816,0.8091895473003388,-1.5130064392089844,-1.5130064392089844,10.167855224609376,187.72125,32.51625,0.3111692678928375,0.7855835914611816,0.8091895473003388,-1.5130064392089844,-1.5130064392089844,10.167855224609376,800,64,100,6400,2048,3200,50.0,,
gold_gens_llama31_8b_instruct_dkon_k16_compute_matched50_publication,configs/experiments/publication_suite/gold_gens_llama31_8b_instruct_dkon_k16_compute_matched50_publication.yaml,llama31_8b_instruct,gold_gens,gold_compute_matched,dkon,16,True,1.107,1,12,configs/experiments/publication_suite/publication_suite_v1_manifest.json,publication_suite_v1,/home/mahmood6/Desktop/projects/mrt/results/runs/gold_gens_llama31_8b_instruct_dkon_k16_compute_matched50_publication/summary.json,completed,True,True,hf_gold_labelled_gens,tlc4418/gold_labelled_gens,validation,/scratch/gilbreth/mahmood6/data/mrt/gold_labelled_gens/prompt_pools_publication_800_64_100_seed7.jsonl,4,0.8,0.1,800,64,100,32,dkon,16,0.0,sentence-transformers/all-MiniLM-L6-v2,reward_model,Skywork/Skywork-Reward-V2-Llama-3.1-8B,8,True,64,True,1024,1,1,16,1,0.00012,0.01,0.03,5,25,25,4,True,16,32,0.05,adamw_torch,1,16,"[2, 4, 8, 16]",128,1024,0.8,0.95,2,sentence-transformers/all-MiniLM-L6-v2,Skywork/Skywork-Reward-V2-Llama-3.1-8B,8,True,llama31_8b_instruct,True,gold_gens_llama31_8b_instruct_dkon_k16_compute_matched50_publication,7,2026-03-27T08:55:09+00:00,/scratch/gilbreth/mahmood6/runs/mrt/gold_gens_llama31_8b_instruct_dkon_k16_compute_matched50_publication/checkpoints,1.781003713607788,115.5383,17.726,17.726,0.0625,1.5542402542382479,4.731490429472609,184.99,32.0,0.4617236328125,0.4617236328125,0.4617236328125,177.635,31.13,0.323696711063385,0.6910215333104134,0.8056529018282891,-0.374422607421875,-0.374422607421875,4.04153564453125,179.9675,31.1525,0.3181427276134491,0.7254772347211838,0.8050923383235932,-0.22795440673828124,-0.22795440673828124,6.691337890625,185.51375,31.935,0.31878058195114134,0.7648977962136269,0.8081585168838501,-0.26887161254882813,-0.26887161254882813,8.68725830078125,181.823125,31.339375,0.3212648004293442,0.7863832744956016,0.8060824796557426,-0.3348288345336914,-0.3348288345336914,10.676015625,181.823125,31.339375,0.3212648004293442,0.7863832744956016,0.8060824796557426,-0.3348288345336914,-0.3348288345336914,10.676015625,800,64,100,12800,2048,3200,50.0,,
gold_gens_llama31_8b_instruct_rkon_k1_compute_matched50_publication,configs/experiments/publication_suite/gold_gens_llama31_8b_instruct_rkon_k1_compute_matched50_publication.yaml,llama31_8b_instruct,gold_gens,gold_compute_matched,rkon,1,True,0.65,0,10,configs/experiments/publication_suite/publication_suite_v1_manifest.json,publication_suite_v1,/home/mahmood6/Desktop/projects/mrt/results/runs/gold_gens_llama31_8b_instruct_rkon_k1_compute_matched50_publication/summary.json,completed,True,True,hf_gold_labelled_gens,tlc4418/gold_labelled_gens,validation,/scratch/gilbreth/mahmood6/data/mrt/gold_labelled_gens/prompt_pools_publication_800_64_100_seed7.jsonl,4,0.8,0.1,800,64,100,32,rkon,1,1.0,sentence-transformers/all-MiniLM-L6-v2,reward_model,Skywork/Skywork-Reward-V2-Llama-3.1-8B,8,True,64,True,1024,1,1,16,1,0.00012,0.01,0.03,5,25,25,4,True,16,32,0.05,adamw_torch,1,16,"[2, 4, 8, 16]",128,1024,0.8,0.95,2,sentence-transformers/all-MiniLM-L6-v2,Skywork/Skywork-Reward-V2-Llama-3.1-8B,8,True,llama31_8b_instruct,True,gold_gens_llama31_8b_instruct_rkon_k1_compute_matched50_publication,7,2026-03-27T07:35:44+00:00,/scratch/gilbreth/mahmood6/runs/mrt/gold_gens_llama31_8b_instruct_rkon_k1_compute_matched50_publication/checkpoints,1.7884291410446167,119.5049,17.137,17.137,1.0,1.5568947481317446,4.744066826524576,185.75,32.72,0.543724365234375,0.543724365234375,0.543724365234375,185.285,31.955,0.28110878050327304,0.700139338672161,0.8214777907729149,-1.1779248046875,-1.1779248046875,2.6078271484375,187.4775,32.345,0.29874728560447694,0.7367268645763397,0.8150537601113319,-0.7414605712890625,-0.7414605712890625,6.6110400390625,188.69125,32.595,0.3009029632806778,0.7681667029857635,0.8145399710536003,-0.9388695526123046,-0.9388695526123046,8.9354248046875,186.46375,32.27875,0.3060715979337692,0.7898106449842452,0.8135547003149987,-0.7298443222045898,-0.7298443222045898,10.613203125,186.46375,32.27875,0.3060715979337692,0.7898106449842452,0.8135547003149987,-0.7298443222045898,-0.7298443222045898,10.613203125,800,64,100,800,2048,3200,50.0,,
gold_gens_llama31_8b_instruct_rkon_k2_compute_matched50_publication,configs/experiments/publication_suite/gold_gens_llama31_8b_instruct_rkon_k2_compute_matched50_publication.yaml,llama31_8b_instruct,gold_gens,gold_compute_matched,rkon,2,True,0.675,0,14,configs/experiments/publication_suite/publication_suite_v1_manifest.json,publication_suite_v1,/home/mahmood6/Desktop/projects/mrt/results/runs/gold_gens_llama31_8b_instruct_rkon_k2_compute_matched50_publication/summary.json,completed,True,True,hf_gold_labelled_gens,tlc4418/gold_labelled_gens,validation,/scratch/gilbreth/mahmood6/data/mrt/gold_labelled_gens/prompt_pools_publication_800_64_100_seed7.jsonl,4,0.8,0.1,800,64,100,32,rkon,2,1.0,sentence-transformers/all-MiniLM-L6-v2,reward_model,Skywork/Skywork-Reward-V2-Llama-3.1-8B,8,True,64,True,1024,1,1,16,1,0.00012,0.01,0.03,5,25,25,4,True,16,32,0.05,adamw_torch,1,16,"[2, 4, 8, 16]",128,1024,0.8,0.95,2,sentence-transformers/all-MiniLM-L6-v2,Skywork/Skywork-Reward-V2-Llama-3.1-8B,8,True,llama31_8b_instruct,True,gold_gens_llama31_8b_instruct_rkon_k2_compute_matched50_publication,7,2026-03-27T10:54:37+00:00,/scratch/gilbreth/mahmood6/runs/mrt/gold_gens_llama31_8b_instruct_rkon_k2_compute_matched50_publication/checkpoints,1.7742822170257568,119.2952,17.167,17.167,0.5,1.551951650446281,4.720674304167731,197.81,33.85,-1.33927490234375,-1.33927490234375,-1.33927490234375,191.325,32.53,0.28905099093914033,0.6919803044199944,0.8139010408520698,-0.71703125,-0.71703125,2.9590625,188.79,32.4075,0.2882015824317932,0.7264775866270066,0.81378976136446,-0.59625732421875,-0.59625732421875,6.0809375,187.345,32.315,0.28928366422653196,0.7601496514678001,0.8170345696806908,-0.5621389007568359,-0.5621389007568359,7.7972265625,183.38125,31.661875,0.29083864867687226,0.7906522858142853,0.8185773625969887,-0.7671862411499023,-0.7671862411499023,9.970421142578125,183.38125,31.661875,0.29083864867687226,0.7906522858142853,0.8185773625969887,-0.7671862411499023,-0.7671862411499023,9.970421142578125,800,64,100,1600,2048,3200,50.0,,
gold_gens_llama31_8b_instruct_rkon_k4_compute_matched50_publication,configs/experiments/publication_suite/gold_gens_llama31_8b_instruct_rkon_k4_compute_matched50_publication.yaml,llama31_8b_instruct,gold_gens,gold_compute_matched,rkon,4,True,0.725,1,15,configs/experiments/publication_suite/publication_suite_v1_manifest.json,publication_suite_v1,/home/mahmood6/Desktop/projects/mrt/results/runs/gold_gens_llama31_8b_instruct_rkon_k4_compute_matched50_publication/summary.json,completed,True,True,hf_gold_labelled_gens,tlc4418/gold_labelled_gens,validation,/scratch/gilbreth/mahmood6/data/mrt/gold_labelled_gens/prompt_pools_publication_800_64_100_seed7.jsonl,4,0.8,0.1,800,64,100,32,rkon,4,1.0,sentence-transformers/all-MiniLM-L6-v2,reward_model,Skywork/Skywork-Reward-V2-Llama-3.1-8B,8,True,64,True,1024,1,1,16,1,0.00012,0.01,0.03,5,25,25,4,True,16,32,0.05,adamw_torch,1,16,"[2, 4, 8, 16]",128,1024,0.8,0.95,2,sentence-transformers/all-MiniLM-L6-v2,Skywork/Skywork-Reward-V2-Llama-3.1-8B,8,True,llama31_8b_instruct,True,gold_gens_llama31_8b_instruct_rkon_k4_compute_matched50_publication,7,2026-03-27T11:17:34+00:00,/scratch/gilbreth/mahmood6/runs/mrt/gold_gens_llama31_8b_instruct_rkon_k4_compute_matched50_publication/checkpoints,1.783831238746643,116.2558,17.616,17.616,0.25,1.5537222871091216,4.729040307554453,176.6,30.43,0.194891357421875,0.194891357421875,0.194891357421875,176.025,30.24,0.31032788813114165,0.6907652786374092,0.8112324750423432,-0.164632568359375,-0.164632568359375,3.4619140625,170.26,29.225,0.30445960342884065,0.7292564964294433,0.8076603040099144,0.1244293212890625,0.1244293212890625,6.65943359375,175.93875,30.36125,0.3030291849374771,0.7669337204098702,0.812029837667942,0.10082283020019531,0.10082283020019531,8.83009765625,178.199375,30.739375,0.30232070982456205,0.7892032754421234,0.8132044169306755,0.12268955230712891,0.12268955230712891,10.5853515625,178.199375,30.739375,0.30232070982456205,0.7892032754421234,0.8132044169306755,0.12268955230712891,0.12268955230712891,10.5853515625,800,64,100,3200,2048,3200,50.0,,
gold_gens_llama31_8b_instruct_rkon_k8_compute_matched50_publication,configs/experiments/publication_suite/gold_gens_llama31_8b_instruct_rkon_k8_compute_matched50_publication.yaml,llama31_8b_instruct,gold_gens,gold_compute_matched,rkon,8,True,0.825,1,17,configs/experiments/publication_suite/publication_suite_v1_manifest.json,publication_suite_v1,/home/mahmood6/Desktop/projects/mrt/results/runs/gold_gens_llama31_8b_instruct_rkon_k8_compute_matched50_publication/summary.json,completed,True,True,hf_gold_labelled_gens,tlc4418/gold_labelled_gens,validation,/scratch/gilbreth/mahmood6/data/mrt/gold_labelled_gens/prompt_pools_publication_800_64_100_seed7.jsonl,4,0.8,0.1,800,64,100,32,rkon,8,1.0,sentence-transformers/all-MiniLM-L6-v2,reward_model,Skywork/Skywork-Reward-V2-Llama-3.1-8B,8,True,64,True,1024,1,1,16,1,0.00012,0.01,0.03,5,25,25,4,True,16,32,0.05,adamw_torch,1,16,"[2, 4, 8, 16]",128,1024,0.8,0.95,2,sentence-transformers/all-MiniLM-L6-v2,Skywork/Skywork-Reward-V2-Llama-3.1-8B,8,True,llama31_8b_instruct,True,gold_gens_llama31_8b_instruct_rkon_k8_compute_matched50_publication,7,2026-03-27T12:58:52+00:00,/scratch/gilbreth/mahmood6/runs/mrt/gold_gens_llama31_8b_instruct_rkon_k8_compute_matched50_publication/checkpoints,1.7940627336502075,117.3462,17.453,17.453,0.125,1.5603940422227607,4.7606967911368985,196.23,33.76,-2.121787109375,-2.121787109375,-2.121787109375,204.41,35.34,0.2926073640584946,0.7008333566784859,0.8233372166752815,-1.6842529296875,-1.6842529296875,2.50580078125,196.2875,34.29,0.2963834643363953,0.7347648447751999,0.8153190445899964,-1.6674746704101562,-1.6674746704101562,4.99138671875,194.41375,33.9075,0.28436110973358153,0.7631122589111328,0.8226851522922516,-1.3214320373535156,-1.3214320373535156,7.52728515625,197.89875,34.42,0.2885433304309845,0.7843757659196854,0.8214653891324997,-1.5911485481262206,-1.5911485481262206,9.2424462890625,197.89875,34.42,0.2885433304309845,0.7843757659196854,0.8214653891324997,-1.5911485481262206,-1.5911485481262206,9.2424462890625,800,64,100,6400,2048,3200,50.0,,
gold_gens_llama31_8b_instruct_rkon_k16_compute_matched50_publication,configs/experiments/publication_suite/gold_gens_llama31_8b_instruct_rkon_k16_compute_matched50_publication.yaml,llama31_8b_instruct,gold_gens,gold_compute_matched,rkon,16,True,1.025,0,11,configs/experiments/publication_suite/publication_suite_v1_manifest.json,publication_suite_v1,/home/mahmood6/Desktop/projects/mrt/results/runs/gold_gens_llama31_8b_instruct_rkon_k16_compute_matched50_publication/summary.json,completed,True,True,hf_gold_labelled_gens,tlc4418/gold_labelled_gens,validation,/scratch/gilbreth/mahmood6/data/mrt/gold_labelled_gens/prompt_pools_publication_800_64_100_seed7.jsonl,4,0.8,0.1,800,64,100,32,rkon,16,1.0,sentence-transformers/all-MiniLM-L6-v2,reward_model,Skywork/Skywork-Reward-V2-Llama-3.1-8B,8,True,64,True,1024,1,1,16,1,0.00012,0.01,0.03,5,25,25,4,True,16,32,0.05,adamw_torch,1,16,"[2, 4, 8, 16]",128,1024,0.8,0.95,2,sentence-transformers/all-MiniLM-L6-v2,Skywork/Skywork-Reward-V2-Llama-3.1-8B,8,True,llama31_8b_instruct,True,gold_gens_llama31_8b_instruct_rkon_k16_compute_matched50_publication,7,2026-03-27T08:25:16+00:00,/scratch/gilbreth/mahmood6/runs/mrt/gold_gens_llama31_8b_instruct_rkon_k16_compute_matched50_publication/checkpoints,1.7731704711914062,118.4484,17.29,17.29,0.0625,1.5477254153834656,4.700765723706083,168.34,29.53,0.07513671875,0.07513671875,0.07513671875,178.315,30.485,0.27270632088184354,0.6809847499430179,0.8079432928562165,-0.09650390625,-0.09650390625,4.01369140625,184.94,31.6975,0.28688757717609403,0.725508494079113,0.8115957409143448,-0.3960400390625,-0.3960400390625,6.78732421875,187.09,32.1075,0.29515438199043276,0.7656162759661674,0.8113862094283104,-0.698172607421875,-0.698172607421875,8.91014892578125,185.79375,31.893125,0.29688250720500947,0.7866105180978775,0.8121759843826294,-0.6463520431518555,-0.6463520431518555,10.42416015625,185.79375,31.893125,0.29688250720500947,0.7866105180978775,0.8121759843826294,-0.6463520431518555,-0.6463520431518555,10.42416015625,800,64,100,12800,2048,3200,50.0,,
